,0,1,2,3,4,5,6,7,8,9,10,11,12,13,14,15,16,17,18,19
PYP,0,0,0,0,0,0,0,0,1,1,0,0,0,0,0,0,0,0,1,1
LLHSPP,0,0,0,0,1,1,0,0,0,0,0,0,0,0,0,0,0,0,1,1
LEPP,0,0,0,0,1,1,0,0,0,0,0,0,0,0,0,0,0,0,1,1
ALEP,0,0,0,0,1,0,1,0,1,0,0,0,0,0,0,0,0,0,1,1
AWPF,0,0,0,0,1,0,1,0,1,0,1,0,0,0,1,0,0,0,0,0
NMAINPSK,0,0,0,1,0,0,0,0,1,0,0,0,1,1,1,0,0,1,0,0
LTDLENLHLP,0,0,0,0,1,1,0,0,0,0,0,0,0,0,0,0,0,0,1,1
DKIHP,0,1,0,1,0,0,0,1,1,0,0,0,0,0,0,0,0,0,1,1
HFEAMR,1,0,1,1,1,0,0,1,0,0,0,0,1,1,0,0,0,1,0,0
YLGY,1,0,0,1,1,0,0,0,0,0,1,0,0,1,1,0,0,0,0,0
STYQT,0,0,0,1,0,0,1,0,1,0,0,0,0,1,1,0,0,0,1,0
KWL,0,0,1,1,1,0,0,1,0,0,0,0,0,0,1,1,0,0,0,0
QAFT,0,0,0,1,0,0,0,0,0,0,0,0,0,1,1,0,0,0,1,0
GS,0,0,0,0,1,0,1,0,1,0,0,0,0,1,0,0,1,0,1,0
FW,1,0,0,0,1,0,0,0,0,0,1,0,0,1,1,0,0,0,0,0
VAP,0,0,0,0,1,1,0,0,1,0,0,0,0,0,0,0,0,0,1,1
LMGP,0,0,0,0,1,1,0,0,0,0,0,0,0,0,0,0,0,0,1,1
GD,0,0,0,0,1,0,1,0,1,0,0,1,0,1,0,0,0,1,1,0
QPIP,0,0,0,1,0,0,0,0,0,0,0,0,0,0,0,0,0,0,1,1
KP,0,0,1,1,1,0,0,1,0,0,0,0,0,0,0,0,0,0,1,1
GYALPHA,0,0,0,0,1,0,1,0,1,0,0,0,0,0,1,0,1,0,1,0
FPQYLQY,1,0,0,0,1,0,0,0,0,0,1,0,0,1,1,0,0,0,0,0
KG,0,0,1,1,1,0,0,1,0,0,0,0,0,0,1,0,1,0,1,0
ALPHA,0,0,0,0,1,0,1,0,1,0,0,0,0,0,1,0,1,0,1,0
QSLTL,0,0,0,1,0,0,0,0,0,0,0,0,0,0,1,1,0,0,0,0
IGGSI,0,0,0,0,1,1,0,0,0,0,0,0,0,0,1,1,0,0,0,0
VHLPPP,0,0,0,0,1,1,0,0,1,0,0,0,0,0,0,0,0,0,1,1
VRGP,0,0,0,0,1,1,0,0,1,0,0,0,0,0,0,0,0,0,1,1
RR,0,0,1,1,0,0,0,1,0,0,0,0,1,1,0,0,0,1,0,0
MAP,0,0,0,0,1,0,0,0,0,0,0,0,0,0,0,0,0,0,1,1
VVY,0,0,0,0,1,1,0,0,1,0,1,0,0,1,1,0,0,0,0,0
RS,0,0,1,1,0,0,0,1,0,0,0,0,0,1,0,0,1,0,1,0
KTEIPTIN,0,0,1,1,1,0,0,1,0,0,0,0,0,1,0,0,0,0,1,0
WYSLAMA,1,0,0,1,1,0,0,0,0,0,0,0,0,0,1,0,1,0,1,0
PL,0,0,0,0,0,0,0,0,1,1,0,0,0,0,1,1,0,0,0,0
SLVYP,0,0,0,1,0,0,1,0,1,0,0,0,0,0,0,0,0,0,1,1
KDVPP,0,0,1,1,1,0,0,1,0,0,0,0,0,0,0,0,0,0,1,1
PSGQYY,0,0,0,0,0,0,0,0,1,1,1,0,0,1,1,0,0,0,0,0
GPIGPA,0,0,0,0,1,0,1,0,1,0,0,0,0,0,1,0,1,0,1,0
TVPY,0,0,0,1,1,0,0,0,1,0,1,0,0,1,1,0,0,0,0,0
IAYKPAG,0,0,0,0,1,1,0,0,0,0,0,0,0,0,1,0,1,0,1,0
KKPTHIKWGD,0,0,1,1,1,0,0,1,0,0,0,1,0,1,0,0,0,1,1,0
IY,0,0,0,0,1,1,0,0,0,0,1,0,0,1,1,0,0,0,0,0
KF,0,0,1,1,1,0,0,1,0,0,1,0,0,0,1,0,0,0,0,0
KVHSSIQSQPQAFT,0,0,1,1,1,0,0,1,0,0,0,0,0,1,1,0,0,0,1,0
LKPTPEGN,0,0,0,0,1,1,0,0,0,0,0,0,0,1,0,0,0,0,1,0
SEPKAIP,0,0,0,1,0,0,1,0,1,0,0,0,0,0,0,0,0,0,1,1
LLNPPHQIYP,0,0,0,0,1,1,0,0,0,0,0,0,0,0,0,0,0,0,1,1
GE,0,0,0,0,1,0,1,0,1,0,0,1,0,1,0,0,0,1,0,0
GR,0,0,0,0,1,0,1,0,1,0,0,0,1,1,0,0,0,1,0,0
FCVLRP,1,0,0,0,1,0,0,0,0,0,0,0,0,0,0,0,0,0,1,1
ALPP,0,0,0,0,1,0,1,0,1,0,0,0,0,0,0,0,0,0,1,1
VDSDVVKG,0,0,0,0,1,1,0,0,1,0,0,0,0,0,1,0,1,0,1,0
PLP,0,0,0,0,0,0,0,0,1,1,0,0,0,0,0,0,0,0,1,1
KVLPG,0,0,1,1,1,0,0,1,0,0,0,0,0,0,1,0,1,0,1,0
GPAGAPGAA,0,0,0,0,1,0,1,0,1,0,0,0,0,0,1,0,1,0,1,0
LRP,0,0,0,0,1,1,0,0,0,0,0,0,0,0,0,0,0,0,1,1
LLMPK,0,0,0,0,1,1,0,0,0,0,0,0,1,1,1,0,0,1,0,0
VTPALR,0,0,0,0,1,1,0,0,1,0,0,0,1,1,0,0,0,1,0,0
KDERF,0,0,1,1,1,0,0,1,0,0,1,0,0,0,1,0,0,0,0,0
NENLLRFFVAPFPEVFG,0,0,0,1,0,0,0,0,1,0,0,0,0,0,1,0,1,0,1,0
TTENVLFG,0,0,0,1,1,0,0,0,1,0,0,0,0,0,1,0,1,0,1,0
ITT,0,0,0,0,1,1,0,0,0,0,0,0,0,1,1,0,0,0,1,0
YGFLP,1,0,0,1,1,0,0,0,0,0,0,0,0,0,0,0,0,0,1,1
KLP,0,0,1,1,1,0,0,1,0,0,0,0,0,0,0,0,0,0,1,1
SWVE,0,0,0,1,0,0,1,0,1,0,0,1,0,1,0,0,0,1,0,0
ENLHLP,0,1,0,1,0,0,0,1,0,0,0,0,0,0,0,0,0,0,1,1
FSDKIAK,1,0,0,0,1,0,0,0,0,0,0,0,1,1,1,0,0,1,0,0
LKP,0,0,0,0,1,1,0,0,0,0,0,0,0,0,0,0,0,0,1,1
QPLIYP,0,0,0,1,0,0,0,0,0,0,0,0,0,0,0,0,0,0,1,1
HLFGPPGKKDPV,1,0,1,1,1,0,0,1,0,0,0,0,0,0,1,1,0,0,1,0
YPFPGPIP,1,0,0,1,1,0,0,0,0,0,0,0,0,0,0,0,0,0,1,1
DVITGA,0,1,0,1,0,0,0,1,1,0,0,0,0,0,1,0,1,0,1,0
YNKL,1,0,0,1,1,0,0,0,0,0,0,0,0,0,1,1,0,0,0,0
FALPQY,1,0,0,0,1,0,0,0,0,0,1,0,0,1,1,0,0,0,0,0
IFVPAF,0,0,0,0,1,1,0,0,0,0,1,0,0,0,1,0,0,0,0,0
LENLHLPLP,0,0,0,0,1,1,0,0,0,0,0,0,0,0,0,0,0,0,1,1
ILP,0,0,0,0,1,1,0,0,0,0,0,0,0,0,0,0,0,0,1,1
VPSERYL,0,0,0,0,1,1,0,0,1,0,0,0,0,0,1,1,0,0,0,0
LEIVPK,0,0,0,0,1,1,0,0,0,0,0,0,1,1,1,0,0,1,0,0
ERKIKVYL,0,1,0,1,0,0,0,1,0,0,0,0,0,0,1,1,0,0,0,0
WYSLA,1,0,0,1,1,0,0,0,0,0,0,0,0,0,1,0,1,0,1,0
KLSDW,0,0,1,1,1,0,0,1,0,0,1,0,0,1,1,0,0,0,0,0
MRWRD,0,0,0,0,1,0,0,0,0,0,0,1,0,1,0,0,0,1,1,0
LAPSLPGKPKPD,0,0,0,0,1,1,0,0,0,0,0,1,0,1,0,0,0,1,1,0
KPGRP,0,0,1,1,1,0,0,1,0,0,0,0,0,0,0,0,0,0,1,1
VKKVLGNP,0,0,0,0,1,1,0,0,1,0,0,0,0,0,0,0,0,0,1,1
YANPAVVRP,1,0,0,1,1,0,0,0,0,0,0,0,0,0,0,0,0,0,1,1
GP,0,0,0,0,1,0,1,0,1,0,0,0,0,0,0,0,0,0,1,1
FC,1,0,0,0,1,0,0,0,0,0,0,0,0,1,1,0,1,0,1,0
HIK,1,0,1,1,1,0,0,1,0,0,0,0,1,1,1,0,0,1,0,0
TKTGRSAHVLSRYRPRA,0,0,0,1,1,0,0,0,1,0,0,0,0,0,1,0,1,0,1,0
GG,0,0,0,0,1,0,1,0,1,0,0,0,0,0,1,0,1,0,1,0
VMP,0,0,0,0,1,1,0,0,1,0,0,0,0,0,0,0,0,0,1,1
IL,0,0,0,0,1,1,0,0,0,0,0,0,0,0,1,1,0,0,0,0
AHHP,0,0,0,0,1,0,1,0,1,0,0,0,0,0,0,0,0,0,1,1
QTQSLVYP,0,0,0,1,0,0,0,0,0,0,0,0,0,0,0,0,0,0,1,1
VIKP,0,0,0,0,1,1,0,0,1,0,0,0,0,0,0,0,0,0,1,1
YTVF,1,0,0,1,1,0,0,0,0,0,1,0,0,0,1,0,0,0,0,0
RINKK,0,0,1,1,0,0,0,1,0,0,0,0,1,1,1,0,0,1,0,0
YLAGNQ,1,0,0,1,1,0,0,0,0,0,0,0,0,1,0,0,0,0,0,0
WHHT,1,0,0,1,1,0,0,0,0,0,0,0,0,1,1,0,0,0,1,0
PQAFP,0,0,0,0,0,0,0,0,1,1,0,0,0,0,0,0,0,0,1,1
VTR,0,0,0,0,1,1,0,0,1,0,0,0,1,1,0,0,0,1,0,0
LHLP,0,0,0,0,1,1,0,0,0,0,0,0,0,0,0,0,0,0,1,1
RF,0,0,1,1,0,0,0,1,0,0,1,0,0,0,1,0,0,0,0,0
RIGLF,0,0,1,1,0,0,0,1,0,0,1,0,0,0,1,0,0,0,0,0
PQNILP,0,0,0,0,0,0,0,0,1,1,0,0,0,0,0,0,0,0,1,1
RLPSEFDLSAFLRA,0,0,1,1,0,0,0,1,0,0,0,0,0,0,1,0,1,0,1,0
RG,0,0,1,1,0,0,0,1,0,0,0,0,0,0,1,0,1,0,1,0
NKPGDML,0,0,0,1,0,0,0,0,1,0,0,0,0,0,1,1,0,0,0,0
TPTQQS,0,0,0,1,1,0,0,0,1,0,0,0,0,1,0,0,1,0,1,0
AVV,0,0,0,0,1,0,1,0,1,0,0,0,0,0,1,1,0,0,1,0
QK,0,0,0,1,0,0,0,0,0,0,0,0,1,1,1,0,0,1,0,0
WPERPPQIP,1,0,0,1,1,0,0,0,0,0,0,0,0,0,0,0,0,0,1,1
KALPMHIRLAF,0,0,1,1,1,0,0,1,0,0,1,0,0,0,1,0,0,0,0,0
RGLSK,0,0,1,1,0,0,0,1,0,0,0,0,1,1,1,0,0,1,0,0
TVY,0,0,0,1,1,0,0,0,1,0,1,0,0,1,1,0,0,0,0,0
FRAHPFL,1,0,0,0,1,0,0,0,0,0,0,0,0,0,1,1,0,0,0,0
KR,0,0,1,1,1,0,0,1,0,0,0,0,1,1,0,0,0,1,0,0
AMK,0,0,0,0,1,0,1,0,1,0,0,0,1,1,1,0,0,1,0,0
LTGP,0,0,0,0,1,1,0,0,0,0,0,0,0,0,0,0,0,0,1,1
PTHIDW,0,0,0,0,0,0,0,0,1,1,1,0,0,1,1,0,0,0,0,0
GF,0,0,0,0,1,0,1,0,1,0,1,0,0,0,1,0,0,0,0,0
VAE,0,0,0,0,1,1,0,0,1,0,0,1,0,1,0,0,0,1,0,0
GQ,0,0,0,0,1,0,1,0,1,0,0,0,0,1,0,0,0,0,0,0
ALPMHIR,0,0,0,0,1,0,1,0,1,0,0,0,1,1,0,0,0,1,0,0
PAAPPK,0,0,0,0,0,0,0,0,1,1,0,0,1,1,1,0,0,1,0,0
IAV,0,0,0,0,1,1,0,0,0,0,0,0,0,0,1,1,0,0,1,0
FYQQ,1,0,0,0,1,0,0,0,0,0,0,0,0,1,0,0,0,0,0,0
SIQSQPQAFP,0,0,0,1,0,0,1,0,1,0,0,0,0,0,0,0,0,0,1,1
LIY,0,0,0,0,1,1,0,0,0,0,1,0,0,1,1,0,0,0,0,0
GPSMR,0,0,0,0,1,0,1,0,1,0,0,0,1,1,0,0,0,1,0,0
YPLDLF,1,0,0,1,1,0,0,0,0,0,1,0,0,0,1,0,0,0,0,0
IWH,0,0,0,0,1,1,0,0,0,0,1,0,1,1,1,0,0,1,0,0
AIYK,0,0,0,0,1,0,1,0,1,0,0,0,1,1,1,0,0,1,0,0
LHLWLP,0,0,0,0,1,1,0,0,0,0,0,0,0,0,0,0,0,0,1,1
LGV,0,0,0,0,1,1,0,0,0,0,0,0,0,0,1,1,0,0,1,0
LRW,0,0,0,0,1,1,0,0,0,0,1,0,0,1,1,0,0,0,0,0
YPLDL,1,0,0,1,1,0,0,0,0,0,0,0,0,0,1,1,0,0,0,0
KYPVQPFTESQSLTL,0,0,1,1,1,0,0,1,0,0,0,0,0,0,1,1,0,0,0,0
PAP,0,0,0,0,0,0,0,0,1,1,0,0,0,0,0,0,0,0,1,1
PLW,0,0,0,0,0,0,0,0,1,1,1,0,0,1,1,0,0,0,0,0
YQIGL,1,0,0,1,1,0,0,0,0,0,0,0,0,0,1,1,0,0,0,0
VAA,0,0,0,0,1,1,0,0,1,0,0,0,0,0,1,0,1,0,1,0
QGP,0,0,0,1,0,0,0,0,0,0,0,0,0,0,0,0,0,0,1,1
FQ,1,0,0,0,1,0,0,0,0,0,0,0,0,1,0,0,0,0,0,0
VAV,0,0,0,0,1,1,0,0,1,0,0,0,0,0,1,1,0,0,1,0
KPVAAP,0,0,1,1,1,0,0,1,0,0,0,0,0,0,0,0,0,0,1,1
VYPHK,0,0,0,0,1,1,0,0,1,0,0,0,1,1,1,0,0,1,0,0
AQQLAAQLPAMCR,0,0,0,0,1,0,1,0,1,0,0,0,1,1,0,0,0,1,0,0
KA,0,0,1,1,1,0,0,1,0,0,0,0,0,0,1,0,1,0,1,0
GRPR,0,0,0,0,1,0,1,0,1,0,0,0,1,1,0,0,0,1,0,0
FGASTRGA,1,0,0,0,1,0,0,0,0,0,0,0,0,0,1,0,1,0,1,0
SG,0,0,0,1,0,0,1,0,1,0,0,0,0,0,1,0,1,0,1,0
PVGLVQPASATLYDY,0,0,0,0,0,0,0,0,1,1,1,0,0,1,1,0,0,0,0,0
TLS,0,0,0,1,1,0,0,0,1,0,0,0,0,1,0,0,1,0,1,0
SKVYPFPGPI,0,0,0,1,0,0,1,0,1,0,0,0,0,0,1,1,0,0,0,0
LNSLT,0,0,0,0,1,1,0,0,0,0,0,0,0,1,1,0,0,0,1,0
IRPVQ,0,0,0,0,1,1,0,0,0,0,0,0,0,1,0,0,0,0,0,0
AWW,0,0,0,0,1,0,1,0,1,0,1,0,0,1,1,0,0,0,0,0
YQEP,1,0,0,1,1,0,0,0,0,0,0,0,0,0,0,0,0,0,1,1
FQKVVAG,1,0,0,0,1,0,0,0,0,0,0,0,0,0,1,0,1,0,1,0
STHGVW,0,0,0,1,0,0,1,0,1,0,1,0,0,1,1,0,0,0,0,0
MAW,0,0,0,0,1,0,0,0,0,0,1,0,0,1,1,0,0,0,0,0
RINK,0,0,1,1,0,0,0,1,0,0,0,0,1,1,1,0,0,1,0,0
SF,0,0,0,1,0,0,1,0,1,0,1,0,0,0,1,0,0,0,0,0
FSY,1,0,0,0,1,0,0,0,0,0,1,0,0,1,1,0,0,0,0,0
GPIGPP,0,0,0,0,1,0,1,0,1,0,0,0,0,0,0,0,0,0,1,1
TQVY,0,0,0,1,1,0,0,0,1,0,1,0,0,1,1,0,0,0,0,0
IRPV,0,0,0,0,1,1,0,0,0,0,0,0,0,0,1,1,0,0,1,0
KW,0,0,1,1,1,0,0,1,0,0,1,0,0,1,1,0,0,0,0,0
GT,0,0,0,0,1,0,1,0,1,0,0,0,0,1,1,0,0,0,1,0
FGK,1,0,0,0,1,0,0,0,0,0,0,0,1,1,1,0,0,1,0,0
VAW,0,0,0,0,1,1,0,0,1,0,1,0,0,1,1,0,0,0,0,0
EK,0,1,0,1,0,0,0,1,0,0,0,0,1,1,1,0,0,1,0,0
FP,1,0,0,0,1,0,0,0,0,0,0,0,0,0,0,0,0,0,1,1
FVAPFPEVFG,1,0,0,0,1,0,0,0,0,0,0,0,0,0,1,0,1,0,1,0
FG,1,0,0,0,1,0,0,0,0,0,0,0,0,0,1,0,1,0,1,0
MNPPK,0,0,0,0,1,0,0,0,0,0,0,0,1,1,1,0,0,1,0,0
QVPQPIP,0,0,0,1,0,0,0,0,0,0,0,0,0,0,0,0,0,0,1,1
SAGPM,0,0,0,1,0,0,1,0,1,0,0,0,0,0,1,0,0,0,0,0
AMPKPW,0,0,0,0,1,0,1,0,1,0,1,0,0,1,1,0,0,0,0,0
ALAFQ,0,0,0,0,1,0,1,0,1,0,0,0,0,1,0,0,0,0,0,0
VAPFPEVF,0,0,0,0,1,1,0,0,1,0,1,0,0,0,1,0,0,0,0,0
TYCQ,0,0,0,1,1,0,0,0,1,0,0,0,0,1,0,0,0,0,0,0
VTGRFAGHPAAQ,0,0,0,0,1,1,0,0,1,0,0,0,0,1,0,0,0,0,0,0
LHLPGP,0,0,0,0,1,1,0,0,0,0,0,0,0,0,0,0,0,0,1,1
VIGSPPEIN,0,0,0,0,1,1,0,0,1,0,0,0,0,1,0,0,0,0,1,0
AYFTPE,0,0,0,0,1,0,1,0,1,0,0,1,0,1,0,0,0,1,0,0
YPF,1,0,0,1,1,0,0,0,0,0,1,0,0,0,1,0,0,0,0,0
PQPIP,0,0,0,0,0,0,0,0,1,1,0,0,0,0,0,0,0,0,1,1
YQEPVLQPVR,1,0,0,1,1,0,0,0,0,0,0,0,1,1,0,0,0,1,0,0
VPFGVG,0,0,0,0,1,1,0,0,1,0,0,0,0,0,1,0,1,0,1,0
YINQMPQKSREA,1,0,0,1,1,0,0,0,0,0,0,0,0,0,1,0,1,0,1,0
VVYPWTQ,0,0,0,0,1,1,0,0,1,0,0,0,0,1,0,0,0,0,0,0
VVRP,0,0,0,0,1,1,0,0,1,0,0,0,0,0,0,0,0,0,1,1
LKA,0,0,0,0,1,1,0,0,0,0,0,0,0,0,1,0,1,0,1,0
PHQIYP,0,0,0,0,0,0,0,0,1,1,0,0,0,0,0,0,0,0,1,1
ASYDTKFE,0,0,0,0,1,0,1,0,1,0,0,1,0,1,0,0,0,1,0,0
KVLAGM,0,0,1,1,1,0,0,1,0,0,0,0,0,0,1,0,0,0,0,0
GVW,0,0,0,0,1,0,1,0,1,0,1,0,0,1,1,0,0,0,0,0
LKIPLY,0,0,0,0,1,1,0,0,0,0,1,0,0,1,1,0,0,0,0,0
LDY,0,0,0,0,1,1,0,0,0,0,1,0,0,1,1,0,0,0,0,0
VAHINVGK,0,0,0,0,1,1,0,0,1,0,0,0,1,1,1,0,0,1,0,0
TYLGS,0,0,0,1,1,0,0,0,1,0,0,0,0,1,0,0,1,0,1,0
YKY,1,0,0,1,1,0,0,0,0,0,1,0,0,1,1,0,0,0,0,0
NLHLPLP,0,0,0,1,0,0,0,0,1,0,0,0,0,0,0,0,0,0,1,1
EVMAGNLYPG,0,1,0,1,0,0,0,1,0,0,0,0,0,0,1,0,1,0,1,0
EDENNPFYLR,0,1,0,1,0,0,0,1,0,0,0,0,1,1,0,0,0,1,0,0
KHQDFF,0,0,1,1,1,0,0,1,0,0,1,0,0,0,1,0,0,0,0,0
GLY,0,0,0,0,1,0,1,0,1,0,1,0,0,1,1,0,0,0,0,0
SALAM,0,0,0,1,0,0,1,0,1,0,0,0,0,0,1,0,0,0,0,0
WNPR,1,0,0,1,1,0,0,0,0,0,0,0,1,1,0,0,0,1,0,0
PFPE,0,0,0,0,0,0,0,0,1,1,0,1,0,1,0,0,0,1,0,0
WYSLAM,1,0,0,1,1,0,0,0,0,0,0,0,0,0,1,0,0,0,0,0
GA,0,0,0,0,1,0,1,0,1,0,0,0,0,0,1,0,1,0,1,0
KRQKYDI,0,0,1,1,1,0,0,1,0,0,0,0,0,0,1,1,0,0,0,0
LVRT,0,0,0,0,1,1,0,0,0,0,0,0,0,1,1,0,0,0,1,0
GV,0,0,0,0,1,0,1,0,1,0,0,0,0,0,1,1,0,0,1,0
DM,0,1,0,1,0,0,0,1,1,0,0,0,0,0,1,0,0,0,0,0
VRSP,0,0,0,0,1,1,0,0,1,0,0,0,0,0,0,0,0,0,1,1
NLAG,0,0,0,1,0,0,0,0,1,0,0,0,0,0,1,0,1,0,1,0
DLTDY,0,1,0,1,0,0,0,1,1,0,1,0,0,1,1,0,0,0,0,0
LALPP,0,0,0,0,1,1,0,0,0,0,0,0,0,0,0,0,0,0,1,1
PRKEKLCTTS,0,0,0,0,0,0,0,0,1,1,0,0,0,1,0,0,1,0,1,0
TPSPR,0,0,0,1,1,0,0,0,1,0,0,0,1,1,0,0,0,1,0,0
INYWL,0,0,0,0,1,1,0,0,0,0,0,0,0,0,1,1,0,0,0,0
AVF,0,0,0,0,1,0,1,0,1,0,1,0,0,0,1,0,0,0,0,0
GGDDL,0,0,0,0,1,0,1,0,1,0,0,0,0,0,1,1,0,0,0,0
PNRIKYGD,0,0,0,0,0,0,0,0,1,1,0,1,0,1,0,0,0,1,1,0
VEGY,0,0,0,0,1,1,0,0,1,0,1,0,0,1,1,0,0,0,0,0
VWY,0,0,0,0,1,1,0,0,1,0,1,0,0,1,1,0,0,0,0,0
SGP,0,0,0,1,0,0,1,0,1,0,0,0,0,0,0,0,0,0,1,1
VGPR,0,0,0,0,1,1,0,0,1,0,0,0,1,1,0,0,0,1,0,0
DLGP,0,1,0,1,0,0,0,1,1,0,0,0,0,0,0,0,0,0,1,1
DFY,0,1,0,1,0,0,0,1,1,0,1,0,0,1,1,0,0,0,0,0
RELEEL,0,0,1,1,0,0,0,1,0,0,0,0,0,0,1,1,0,0,0,0
VPQPIP,0,0,0,0,1,1,0,0,1,0,0,0,0,0,0,0,0,0,1,1
AGLAPY,0,0,0,0,1,0,1,0,1,0,1,0,0,1,1,0,0,0,0,0
FFL,1,0,0,0,1,0,0,0,0,0,0,0,0,0,1,1,0,0,0,0
DL,0,1,0,1,0,0,0,1,1,0,0,0,0,0,1,1,0,0,0,0
GW,0,0,0,0,1,0,1,0,1,0,1,0,0,1,1,0,0,0,0,0
AFKAWAVAR,0,0,0,0,1,0,1,0,1,0,0,0,1,1,0,0,0,1,0,0
VVGP,0,0,0,0,1,1,0,0,1,0,0,0,0,0,0,0,0,0,1,1
LKIPVA,0,0,0,0,1,1,0,0,0,0,0,0,0,0,1,0,1,0,1,0
QAFP,0,0,0,1,0,0,0,0,0,0,0,0,0,0,0,0,0,0,1,1
YGL,1,0,0,1,1,0,0,0,0,0,0,0,0,0,1,1,0,0,0,0
MFDL,0,0,0,0,1,0,0,0,0,0,0,0,0,0,1,1,0,0,0,0
FVPAF,1,0,0,0,1,0,0,0,0,0,1,0,0,0,1,0,0,0,0,0
AGLP,0,0,0,0,1,0,1,0,1,0,0,0,0,0,0,0,0,0,1,1
KLYMRP,0,0,1,1,1,0,0,1,0,0,0,0,0,0,0,0,0,0,1,1
DVPPYM,0,1,0,1,0,0,0,1,1,0,0,0,0,0,1,0,0,0,0,0
GAGP,0,0,0,0,1,0,1,0,1,0,0,0,0,0,0,0,0,0,1,1
IETWNPNNQ,0,0,0,0,1,1,0,0,0,0,0,0,0,1,0,0,0,0,0,0
LEK,0,0,0,0,1,1,0,0,0,0,0,0,1,1,1,0,0,1,0,0
IVY,0,0,0,0,1,1,0,0,0,0,1,0,0,1,1,0,0,0,0,0
ITF,0,0,0,0,1,1,0,0,0,0,1,0,0,0,1,0,0,0,0,0
YGLF,1,0,0,1,1,0,0,0,0,0,1,0,0,0,1,0,0,0,0,0
YPR,1,0,0,1,1,0,0,0,0,0,0,0,1,1,0,0,0,1,0,0
IRA,0,0,0,0,1,1,0,0,0,0,0,0,0,0,1,0,1,0,1,0
QIGLF,0,0,0,1,0,0,0,0,0,0,1,0,0,0,1,0,0,0,0,0
APVPP,0,0,0,0,1,0,1,0,1,0,0,0,0,0,0,0,0,0,1,1
PPK,0,0,0,0,0,0,0,0,1,1,0,0,1,1,1,0,0,1,0,0
VGGPR,0,0,0,0,1,1,0,0,1,0,0,0,1,1,0,0,0,1,0,0
VIPEL,0,0,0,0,1,1,0,0,1,0,0,0,0,0,1,1,0,0,0,0
PQTLALP,0,0,0,0,0,0,0,0,1,1,0,0,0,0,0,0,0,0,1,1
PQPLIYP,0,0,0,0,0,0,0,0,1,1,0,0,0,0,0,0,0,0,1,1
AP,0,0,0,0,1,0,1,0,1,0,0,0,0,0,0,0,0,0,1,1
QVTSTAV,0,0,0,1,0,0,0,0,0,0,0,0,0,0,1,1,0,0,1,0
AG,0,0,0,0,1,0,1,0,1,0,0,0,0,0,1,0,1,0,1,0
IPAIN,0,0,0,0,1,1,0,0,0,0,0,0,0,1,0,0,0,0,1,0
LW,0,0,0,0,1,1,0,0,0,0,1,0,0,1,1,0,0,0,0,0
VKP,0,0,0,0,1,1,0,0,1,0,0,0,0,0,0,0,0,0,1,1
HPFAQ,1,0,1,1,1,0,0,1,0,0,0,0,0,1,0,0,0,0,0,0
VLAQYK,0,0,0,0,1,1,0,0,1,0,0,0,1,1,1,0,0,1,0,0
YV,1,0,0,1,1,0,0,0,0,0,0,0,0,0,1,1,0,0,1,0
MKG,0,0,0,0,1,0,0,0,0,0,0,0,0,0,1,0,1,0,1,0
MKP,0,0,0,0,1,0,0,0,0,0,0,0,0,0,0,0,0,0,1,1
YA,1,0,0,1,1,0,0,0,0,0,0,0,0,0,1,0,1,0,1,0
LGECGGR,0,0,0,0,1,1,0,0,0,0,0,0,1,1,0,0,0,1,0,0
HQIYP,1,0,1,1,1,0,0,1,0,0,0,0,0,0,0,0,0,0,1,1
VVVPPF,0,0,0,0,1,1,0,0,1,0,1,0,0,0,1,0,0,0,0,0
MIFPGGPQL,0,0,0,0,1,0,0,0,0,0,0,0,0,0,1,1,0,0,0,0
VSV,0,0,0,0,1,1,0,0,1,0,0,0,0,0,1,1,0,0,1,0
ASL,0,0,0,0,1,0,1,0,1,0,0,0,0,0,1,1,0,0,0,0
VY,0,0,0,0,1,1,0,0,1,0,1,0,0,1,1,0,0,0,0,0
MAIPPKK,0,0,0,0,1,0,0,0,0,0,0,0,1,1,1,0,0,1,0,0
NLHLP,0,0,0,1,0,0,0,0,1,0,0,0,0,0,0,0,0,0,1,1
TG,0,0,0,1,1,0,0,0,1,0,0,0,0,0,1,0,1,0,1,0
FVP,1,0,0,0,1,0,0,0,0,0,0,0,0,0,0,0,0,0,1,1
TP,0,0,0,1,1,0,0,0,1,0,0,0,0,0,0,0,0,0,1,1
VSW,0,0,0,0,1,1,0,0,1,0,1,0,0,1,1,0,0,0,0,0
AKLEK,0,0,0,0,1,0,1,0,1,0,0,0,1,1,1,0,0,1,0,0
TGP,0,0,0,1,1,0,0,0,1,0,0,0,0,0,0,0,0,0,1,1
YW,1,0,0,1,1,0,0,0,0,0,1,0,0,1,1,0,0,0,0,0
LVVYPWTQ,0,0,0,0,1,1,0,0,0,0,0,0,0,1,0,0,0,0,0,0
VIY,0,0,0,0,1,1,0,0,1,0,1,0,0,1,1,0,0,0,0,0
GEGSGA,0,0,0,0,1,0,1,0,1,0,0,0,0,0,1,0,1,0,1,0
GKEIIVKAER,0,0,0,0,1,0,1,0,1,0,0,0,1,1,0,0,0,1,0,0
FCF,1,0,0,0,1,0,0,0,0,0,1,0,0,0,1,0,0,0,0,0
AF,0,0,0,0,1,0,1,0,1,0,1,0,0,0,1,0,0,0,0,0
AFL,0,0,0,0,1,0,1,0,1,0,0,0,0,0,1,1,0,0,0,0
KAAAAP,0,0,1,1,1,0,0,1,0,0,0,0,0,0,0,0,0,0,1,1
RYLGY,0,0,1,1,0,0,0,1,0,0,1,0,0,1,1,0,0,0,0,0
PKIDAMREKVLA,0,0,0,0,0,0,0,0,1,1,0,0,0,0,1,0,1,0,1,0
ESI,0,1,0,1,0,0,0,1,0,0,0,0,0,0,1,1,0,0,0,0
EPR,0,1,0,1,0,0,0,1,0,0,0,0,1,1,0,0,0,1,0,0
LVL,0,0,0,0,1,1,0,0,0,0,0,0,0,0,1,1,0,0,0,0
LIYP,0,0,0,0,1,1,0,0,0,0,0,0,0,0,0,0,0,0,1,1
GGLEPI,0,0,0,0,1,0,1,0,1,0,0,0,0,0,1,1,0,0,0,0
PFP,0,0,0,0,0,0,0,0,1,1,0,0,0,0,0,0,0,0,1,1
AFVGYVLP,0,0,0,0,1,0,1,0,1,0,0,0,0,0,0,0,0,0,1,1
FEDYVPLSCF,1,0,0,0,1,0,0,0,0,0,1,0,0,0,1,0,0,0,0,0
YPSFQPQPLIYP,1,0,0,1,1,0,0,0,0,0,0,0,0,0,0,0,0,0,1,1
IRW,0,0,0,0,1,1,0,0,0,0,1,0,0,1,1,0,0,0,0,0
MIPAY,0,0,0,0,1,0,0,0,0,0,1,0,0,1,1,0,0,0,0,0
NSWVE,0,0,0,1,0,0,0,0,1,0,0,1,0,1,0,0,0,1,0,0
YKVPQL,1,0,0,1,1,0,0,0,0,0,0,0,0,0,1,1,0,0,0,0
LHLPLR,0,0,0,0,1,1,0,0,0,0,0,0,1,1,0,0,0,1,0,0
APSAK,0,0,0,0,1,0,1,0,1,0,0,0,1,1,1,0,0,1,0,0
KIHPFAQTQSLVYP,0,0,1,1,1,0,0,1,0,0,0,0,0,0,0,0,0,0,1,1
MDLA,0,0,0,0,1,0,0,0,0,0,0,0,0,0,1,0,1,0,1,0
NPPHQIYP,0,0,0,1,0,0,0,0,1,0,0,0,0,0,0,0,0,0,1,1
LHLPLP,0,0,0,0,1,1,0,0,0,0,0,0,0,0,0,0,0,0,1,1
GPR,0,0,0,0,1,0,1,0,1,0,0,0,1,1,0,0,0,1,0,0
VSGP,0,0,0,0,1,1,0,0,1,0,0,0,0,0,0,0,0,0,1,1
LAP,0,0,0,0,1,1,0,0,0,0,0,0,0,0,0,0,0,0,1,1
SAPLRVY,0,0,0,1,0,0,1,0,1,0,1,0,0,1,1,0,0,0,0,0
LVY,0,0,0,0,1,1,0,0,0,0,1,0,0,1,1,0,0,0,0,0
LTF,0,0,0,0,1,1,0,0,0,0,1,0,0,0,1,0,0,0,0,0
ENGLPVHLDQSIFRR,0,1,0,1,0,0,0,1,0,0,0,0,1,1,0,0,0,1,0,0
IKW,0,0,0,0,1,1,0,0,0,0,1,0,0,1,1,0,0,0,0,0
SLPQ,0,0,0,1,0,0,1,0,1,0,0,0,0,1,0,0,0,0,0,0
ESIINF,0,1,0,1,0,0,0,1,0,0,1,0,0,0,1,0,0,0,0,0
IPAVFK,0,0,0,0,1,1,0,0,0,0,0,0,1,1,1,0,0,1,0,0
LIWKL,0,0,0,0,1,1,0,0,0,0,0,0,0,0,1,1,0,0,0,0
GAPGLPGP,0,0,0,0,1,0,1,0,1,0,0,0,0,0,0,0,0,0,1,1
DIGP,0,1,0,1,0,0,0,1,1,0,0,0,0,0,0,0,0,0,1,1
YQEPVL,1,0,0,1,1,0,0,0,0,0,0,0,0,0,1,1,0,0,0,0
AQTQSLVYP,0,0,0,0,1,0,1,0,1,0,0,0,0,0,0,0,0,0,1,1
VELYP,0,0,0,0,1,1,0,0,1,0,0,0,0,0,0,0,0,0,1,1
LT,0,0,0,0,1,1,0,0,0,0,0,0,0,1,1,0,0,0,1,0
NK,0,0,0,1,0,0,0,0,1,0,0,0,1,1,1,0,0,1,0,0
MG,0,0,0,0,1,0,0,0,0,0,0,0,0,0,1,0,1,0,1,0
ENLLRF,0,1,0,1,0,0,0,1,0,0,1,0,0,0,1,0,0,0,0,0
HHTF,1,0,1,1,1,0,0,1,0,0,1,0,0,0,1,0,0,0,0,0
IPAQK,0,0,0,0,1,1,0,0,0,0,0,0,1,1,1,0,0,1,0,0
VM,0,0,0,0,1,1,0,0,1,0,0,0,0,0,1,0,0,0,0,0
HERDPTHIKWGD,1,0,1,1,1,0,0,1,0,0,0,1,0,1,0,0,0,1,1,0
IDALNENK,0,0,0,0,1,1,0,0,0,0,0,0,1,1,1,0,0,1,0,0
VRF,0,0,0,0,1,1,0,0,1,0,1,0,0,0,1,0,0,0,0,0
MGP,0,0,0,0,1,0,0,0,0,0,0,0,0,0,0,0,0,0,1,1
TD,0,0,0,1,1,0,0,0,1,0,0,1,0,1,0,0,0,1,1,0
VRP,0,0,0,0,1,1,0,0,1,0,0,0,0,0,0,0,0,0,1,1
IGDEPLANYL,0,0,0,0,1,1,0,0,0,0,0,0,0,0,1,1,0,0,0,0
KDQGSYEDF,0,0,1,1,1,0,0,1,0,0,1,0,0,0,1,0,0,0,0,0
VYNEGLPAP,0,0,0,0,1,1,0,0,1,0,0,0,0,0,0,0,0,0,1,1
ESAGIH,0,1,0,1,0,0,0,1,0,0,1,0,1,1,1,0,0,1,0,0
LKPMN,0,0,0,0,1,1,0,0,0,0,0,0,0,1,0,0,0,0,1,0
LNNSRAP,0,0,0,0,1,1,0,0,0,0,0,0,0,0,0,0,0,0,1,1
GVQGPM,0,0,0,0,1,0,1,0,1,0,0,0,0,0,1,0,0,0,0,0
FVAPFPEV,1,0,0,0,1,0,0,0,0,0,0,0,0,0,1,1,0,0,1,0
AR,0,0,0,0,1,0,1,0,1,0,0,0,1,1,0,0,0,1,0,0
LKLP,0,0,0,0,1,1,0,0,0,0,0,0,0,0,0,0,0,0,1,1
IELPLG,0,0,0,0,1,1,0,0,0,0,0,0,0,0,1,0,1,0,1,0
VAKLEK,0,0,0,0,1,1,0,0,1,0,0,0,1,1,1,0,0,1,0,0
RPK,0,0,1,1,0,0,0,1,0,0,0,0,1,1,1,0,0,1,0,0
SNIP,0,0,0,1,0,0,1,0,1,0,0,0,0,0,0,0,0,0,1,1
LHLPYP,0,0,0,0,1,1,0,0,0,0,0,0,0,0,0,0,0,0,1,1
AFKDEDTEEVPFR,0,0,0,0,1,0,1,0,1,0,0,0,1,1,0,0,0,1,0,0
WLAHK,1,0,0,1,1,0,0,0,0,0,0,0,1,1,1,0,0,1,0,0
VVYPWTQRF,0,0,0,0,1,1,0,0,1,0,1,0,0,0,1,0,0,0,0,0
HPIKH,1,0,1,1,1,0,0,1,0,0,1,0,1,1,1,0,0,1,0,0
LPLP,0,0,0,0,1,1,0,0,0,0,0,0,0,0,0,0,0,0,1,1
TQPKTNAIPY,0,0,0,1,1,0,0,0,1,0,1,0,0,1,1,0,0,0,0,0
IRP,0,0,0,0,1,1,0,0,0,0,0,0,0,0,0,0,0,0,1,1
RDMPIQAF,0,0,1,1,0,0,0,1,0,0,1,0,0,0,1,0,0,0,0,0
AGSS,0,0,0,0,1,0,1,0,1,0,0,0,0,1,0,0,1,0,1,0
QVVF,0,0,0,1,0,0,0,0,0,0,1,0,0,0,1,0,0,0,0,0
QPQAFP,0,0,0,1,0,0,0,0,0,0,0,0,0,0,0,0,0,0,1,1
AIPP,0,0,0,0,1,0,1,0,1,0,0,0,0,0,0,0,0,0,1,1
PTHIK,0,0,0,0,0,0,0,0,1,1,0,0,1,1,1,0,0,1,0,0
ERYL,0,1,0,1,0,0,0,1,0,0,0,0,0,0,1,1,0,0,0,0
YPER,1,0,0,1,1,0,0,0,0,0,0,0,1,1,0,0,0,1,0,0
PPHQIYP,0,0,0,0,0,0,0,0,1,1,0,0,0,0,0,0,0,0,1,1
VAND,0,0,0,0,1,1,0,0,1,0,0,1,0,1,0,0,0,1,1,0
FVEPIP,1,0,0,0,1,0,0,0,0,0,0,0,0,0,0,0,0,0,1,1
GHF,0,0,0,0,1,0,1,0,1,0,1,0,0,0,1,0,0,0,0,0
WPEAAELMMEVDP,1,0,0,1,1,0,0,0,0,0,0,0,0,0,0,0,0,0,1,1
VFER,0,0,0,0,1,1,0,0,1,0,0,0,1,1,0,0,0,1,0,0
VPPAK,0,0,0,0,1,1,0,0,1,0,0,0,1,1,1,0,0,1,0,0
AA,0,0,0,0,1,0,1,0,1,0,0,0,0,0,1,0,1,0,1,0
AV,0,0,0,0,1,0,1,0,1,0,0,0,0,0,1,1,0,0,1,0
SSIQSQPQAFT,0,0,0,1,0,0,1,0,1,0,0,0,0,1,1,0,0,0,1,0
LF,0,0,0,0,1,1,0,0,0,0,1,0,0,0,1,0,0,0,0,0
FNF,1,0,0,0,1,0,0,0,0,0,1,0,0,0,1,0,0,0,0,0
VLRP,0,0,0,0,1,1,0,0,1,0,0,0,0,0,0,0,0,0,1,1
NY,0,0,0,1,0,0,0,0,1,0,1,0,0,1,1,0,0,0,0,0
GEGGP,0,0,0,0,1,0,1,0,1,0,0,0,0,0,0,0,0,0,1,1
QSQPQAFP,0,0,0,1,0,0,0,0,0,0,0,0,0,0,0,0,0,0,1,1
TGLKP,0,0,0,1,1,0,0,0,1,0,0,0,0,0,0,0,0,0,1,1
ITTNP,0,0,0,0,1,1,0,0,0,0,0,0,0,0,0,0,0,0,1,1
FNQ,1,0,0,0,1,0,0,0,0,0,0,0,0,1,0,0,0,0,0,0
AKYSY,0,0,0,0,1,0,1,0,1,0,1,0,0,1,1,0,0,0,0,0
YG,1,0,0,1,1,0,0,0,0,0,0,0,0,0,1,0,1,0,1,0
LKYPI,0,0,0,0,1,1,0,0,0,0,0,0,0,0,1,1,0,0,0,0
YP,1,0,0,1,1,0,0,0,0,0,0,0,0,0,0,0,0,0,1,1
PLIYP,0,0,0,0,0,0,0,0,1,1,0,0,0,0,0,0,0,0,1,1
TGGGNV,0,0,0,1,1,0,0,0,1,0,0,0,0,0,1,1,0,0,1,0
VSP,0,0,0,0,1,1,0,0,1,0,0,0,0,0,0,0,0,0,1,1
WL,1,0,0,1,1,0,0,0,0,0,0,0,0,0,1,1,0,0,0,0
DKVGINYW,0,1,0,1,0,0,0,1,1,0,1,0,0,1,1,0,0,0,0,0
FFYY,1,0,0,0,1,0,0,0,0,0,1,0,0,1,1,0,0,0,0,0
APP,0,0,0,0,1,0,1,0,1,0,0,0,0,0,0,0,0,0,1,1
QVSLNSGYY,0,0,0,1,0,0,0,0,0,0,1,0,0,1,1,0,0,0,0,0
LSGNK,0,0,0,0,1,1,0,0,0,0,0,0,1,1,1,0,0,1,0,0
YQ,1,0,0,1,1,0,0,0,0,0,0,0,0,1,0,0,0,0,0,0
KVAGPK,0,0,1,1,1,0,0,1,0,0,0,0,1,1,1,0,0,1,0,0
IYPSFQPQPLIYP,0,0,0,0,1,1,0,0,0,0,0,0,0,0,0,0,0,0,1,1
FYN,1,0,0,0,1,0,0,0,0,0,0,0,0,1,0,0,0,0,1,0
FQPQPLIYP,1,0,0,0,1,0,0,0,0,0,0,0,0,0,0,0,0,0,1,1
RPKHPI,0,0,1,1,0,0,0,1,0,0,0,0,0,0,1,1,0,0,0,0
LG,0,0,0,0,1,1,0,0,0,0,0,0,0,0,1,0,1,0,1,0
SVY,0,0,0,1,0,0,1,0,1,0,1,0,0,1,1,0,0,0,0,0
PSNPP,0,0,0,0,0,0,0,0,1,1,0,0,0,0,0,0,0,0,1,1
FHERDPTHIKWGD,1,0,0,0,1,0,0,0,0,0,0,1,0,1,0,0,0,1,1,0
AW,0,0,0,0,1,0,1,0,1,0,1,0,0,1,1,0,0,0,0,0
LQSW,0,0,0,0,1,1,0,0,0,0,1,0,0,1,1,0,0,0,0,0
GHP,0,0,0,0,1,0,1,0,1,0,0,0,0,0,0,0,0,0,1,1
APER,0,0,0,0,1,0,1,0,1,0,0,0,1,1,0,0,0,1,0,0
GHG,0,0,0,0,1,0,1,0,1,0,0,0,0,0,1,0,1,0,1,0
HIKW,1,0,1,1,1,0,0,1,0,0,1,0,0,1,1,0,0,0,0,0
PGR,0,0,0,0,0,0,0,0,1,1,0,0,1,1,0,0,0,1,0,0
ASYDTKF,0,0,0,0,1,0,1,0,1,0,1,0,0,0,1,0,0,0,0,0
QNILP,0,0,0,1,0,0,0,0,0,0,0,0,0,0,0,0,0,0,1,1
PPL,0,0,0,0,0,0,0,0,1,1,0,0,0,0,1,1,0,0,0,0
HWTTQR,1,0,1,1,1,0,0,1,0,0,0,0,1,1,0,0,0,1,0,0
GPA,0,0,0,0,1,0,1,0,1,0,0,0,0,0,1,0,1,0,1,0
HIKWGD,1,0,1,1,1,0,0,1,0,0,0,1,0,1,0,0,0,1,1,0
PTHIKWD,0,0,0,0,0,0,0,0,1,1,0,1,0,1,0,0,0,1,1,0
YVP,1,0,0,1,1,0,0,0,0,0,0,0,0,0,0,0,0,0,1,1
LVNDLVTPVFDNL,0,0,0,0,1,1,0,0,0,0,0,0,0,0,1,1,0,0,0,0
DTGP,0,1,0,1,0,0,0,1,1,0,0,0,0,0,0,0,0,0,1,1
SVAKL,0,0,0,1,0,0,1,0,1,0,0,0,0,0,1,1,0,0,0,0
RIY,0,0,1,1,0,0,0,1,0,0,1,0,0,1,1,0,0,0,0,0
KGP,0,0,1,1,1,0,0,1,0,0,0,0,0,0,0,0,0,0,1,1
YQKFPQY,1,0,0,1,1,0,0,0,0,0,1,0,0,1,1,0,0,0,0,0
IIY,0,0,0,0,1,1,0,0,0,0,1,0,0,1,1,0,0,0,0,0
YPFPGPIPN,1,0,0,1,1,0,0,0,0,0,0,0,0,1,0,0,0,0,1,0
FFVAP,1,0,0,0,1,0,0,0,0,0,0,0,0,0,0,0,0,0,1,1
LYP,0,0,0,0,1,1,0,0,0,0,0,0,0,0,0,0,0,0,1,1
VTVNPYKWLP,0,0,0,0,1,1,0,0,1,0,0,0,0,0,0,0,0,0,1,1
WIHNENQGF,1,0,0,1,1,0,0,0,0,0,1,0,0,0,1,0,0,0,0,0
YYAPFE,1,0,0,1,1,0,0,0,0,0,0,1,0,1,0,0,0,1,0,0
GQVPP,0,0,0,0,1,0,1,0,1,0,0,0,0,0,0,0,0,0,1,1
HKEMPFPKY,1,0,1,1,1,0,0,1,0,0,1,0,0,1,1,0,0,0,0,0
MRW,0,0,0,0,1,0,0,0,0,0,1,0,0,1,1,0,0,0,0,0
ITMIAPSAF,0,0,0,0,1,1,0,0,0,0,1,0,0,0,1,0,0,0,0,0
MA,0,0,0,0,1,0,0,0,0,0,0,0,0,0,1,0,1,0,1,0
AMQS,0,0,0,0,1,0,1,0,1,0,0,0,0,1,0,0,1,0,1,0
FNE,1,0,0,0,1,0,0,0,0,0,0,1,0,1,0,0,0,1,0,0
NIIPA,0,0,0,1,0,0,0,0,1,0,0,0,0,0,1,0,1,0,1,0
AIP,0,0,0,0,1,0,1,0,1,0,0,0,0,0,0,0,0,0,1,1
YGGVSLPEW,1,0,0,1,1,0,0,0,0,0,1,0,0,1,1,0,0,0,0,0
AYIASKGL,0,0,0,0,1,0,1,0,1,0,0,0,0,0,1,1,0,0,0,0
DDTGHDFEDTGEAM,0,1,0,1,0,0,0,1,1,0,0,0,0,0,1,0,0,0,0,0
LR,0,0,0,0,1,1,0,0,0,0,0,0,1,1,0,0,0,1,0,0
YS,1,0,0,1,1,0,0,0,0,0,0,0,0,1,0,0,1,0,1,0
NILP,0,0,0,1,0,0,0,0,1,0,0,0,0,0,0,0,0,0,1,1
VIEKYP,0,0,0,0,1,1,0,0,1,0,0,0,0,0,0,0,0,0,1,1
VK,0,0,0,0,1,1,0,0,1,0,0,0,1,1,1,0,0,1,0,0
SKVPP,0,0,0,1,0,0,1,0,1,0,0,0,0,0,0,0,0,0,1,1
KVLILA,0,0,1,1,1,0,0,1,0,0,0,0,0,0,1,0,1,0,1,0
IQSEPKAIP,0,0,0,0,1,1,0,0,0,0,0,0,0,0,0,0,0,0,1,1
WY,1,0,0,1,1,0,0,0,0,0,1,0,0,1,1,0,0,0,0,0
KKIATYQER,0,0,1,1,1,0,0,1,0,0,0,0,1,1,0,0,0,1,0,0
YR,1,0,0,1,1,0,0,0,0,0,0,0,1,1,0,0,0,1,0,0
GPPGAIGP,0,0,0,0,1,0,1,0,1,0,0,0,0,0,0,0,0,0,1,1
GKMVKVVSWY,0,0,0,0,1,0,1,0,1,0,1,0,0,1,1,0,0,0,0,0
VLLPDEVSGL,0,0,0,0,1,1,0,0,1,0,0,0,0,0,1,1,0,0,0,0
YE,1,0,0,1,1,0,0,0,0,0,0,1,0,1,0,0,0,1,0,0
IFVPA,0,0,0,0,1,1,0,0,0,0,0,0,0,0,1,0,1,0,1,0
LLLAHLL,0,0,0,0,1,1,0,0,0,0,0,0,0,0,1,1,0,0,0,0
VSGAGRY,0,0,0,0,1,1,0,0,1,0,1,0,0,1,1,0,0,0,0,0
MLPVY,0,0,0,0,1,0,0,0,0,0,1,0,0,1,1,0,0,0,0,0
VVVPP,0,0,0,0,1,1,0,0,1,0,0,0,0,0,0,0,0,0,1,1
MDFLI,0,0,0,0,1,0,0,0,0,0,0,0,0,0,1,1,0,0,0,0
APGAPGPVG,0,0,0,0,1,0,1,0,1,0,0,0,0,0,1,0,1,0,1,0
LASPTM,0,0,0,0,1,1,0,0,0,0,0,0,0,0,1,0,0,0,0,0
KVGTKCCAKP,0,0,1,1,1,0,0,1,0,0,0,0,0,0,0,0,0,0,1,1
GHS,0,0,0,0,1,0,1,0,1,0,0,0,0,1,0,0,1,0,1,0
ALNEINQFY,0,0,0,0,1,0,1,0,1,0,1,0,0,1,1,0,0,0,0,0
LTFPG,0,0,0,0,1,1,0,0,0,0,0,0,0,0,1,0,1,0,1,0
IVVE,0,0,0,0,1,1,0,0,0,0,0,1,0,1,0,0,0,1,0,0
IKP,0,0,0,0,1,1,0,0,0,0,0,0,0,0,0,0,0,0,1,1
YPRY,1,0,0,1,1,0,0,0,0,0,1,0,0,1,1,0,0,0,0,0
EKERERQ,0,1,0,1,0,0,0,1,0,0,0,0,0,1,0,0,0,0,0,0
CVTPALR,0,0,0,1,1,0,1,0,1,0,0,0,1,1,0,0,0,1,0,0
LHLPAP,0,0,0,0,1,1,0,0,0,0,0,0,0,0,0,0,0,0,1,1
PVNNPQIH,0,0,0,0,0,0,0,0,1,1,1,0,1,1,1,0,0,1,0,0
HQAAGW,1,0,1,1,1,0,0,1,0,0,1,0,0,1,1,0,0,0,0,0
VSRHFASYAN,0,0,0,0,1,1,0,0,1,0,0,0,0,1,0,0,0,0,1,0
PTHIKWG,0,0,0,0,0,0,0,0,1,1,0,0,0,0,1,0,1,0,1,0
LHPGDAQR,0,0,0,0,1,1,0,0,0,0,0,0,1,1,0,0,0,1,0,0
NLHLPLPLL,0,0,0,1,0,0,0,0,1,0,0,0,0,0,1,1,0,0,0,0
YPGIA,1,0,0,1,1,0,0,0,0,0,0,0,0,0,1,0,1,0,1,0
QSLVYP,0,0,0,1,0,0,0,0,0,0,0,0,0,0,0,0,0,0,1,1
KFHSGIQSEPKAIP,0,0,1,1,1,0,0,1,0,0,0,0,0,0,0,0,0,0,1,1
LLP,0,0,0,0,1,1,0,0,0,0,0,0,0,0,0,0,0,0,1,1
VKCFR,0,0,0,0,1,1,0,0,1,0,0,0,1,1,0,0,0,1,0,0
KGLWE,0,0,1,1,1,0,0,1,0,0,0,1,0,1,0,0,0,1,0,0
VLDTDYK,0,0,0,0,1,1,0,0,1,0,0,0,1,1,1,0,0,1,0,0
PSY,0,0,0,0,0,0,0,0,1,1,1,0,0,1,1,0,0,0,0,0
HIRL,1,0,1,1,1,0,0,1,0,0,0,0,0,0,1,1,0,0,0,0
MVGSAPGVL,0,0,0,0,1,0,0,0,0,0,0,0,0,0,1,1,0,0,0,0
PIW,0,0,0,0,0,0,0,0,1,1,1,0,0,1,1,0,0,0,0,0
FHSGIQSEPKAIP,1,0,0,0,1,0,0,0,0,0,0,0,0,0,0,0,0,0,1,1
PTHVAW,0,0,0,0,0,0,0,0,1,1,1,0,0,1,1,0,0,0,0,0
GNGGA,0,0,0,0,1,0,1,0,1,0,0,0,0,0,1,0,1,0,1,0
IGSENSEKTTMP,0,0,0,0,1,1,0,0,0,0,0,0,0,0,0,0,0,0,1,1
FQKVVA,1,0,0,0,1,0,0,0,0,0,0,0,0,0,1,0,1,0,1,0
CF,0,0,0,1,1,0,1,0,1,0,1,0,0,0,1,0,0,0,0,0
VLPEI,0,0,0,0,1,1,0,0,1,0,0,0,0,0,1,1,0,0,0,0
LKVGVKQY,0,0,0,0,1,1,0,0,0,0,1,0,0,1,1,0,0,0,0,0
INSQ,0,0,0,0,1,1,0,0,0,0,0,0,0,1,0,0,0,0,0,0
MM,0,0,0,0,1,0,0,0,0,0,0,0,0,0,1,0,0,0,0,0
TVQVTSTAV,0,0,0,1,1,0,0,0,1,0,0,0,0,0,1,1,0,0,1,0
RPKH,0,0,1,1,0,0,0,1,0,0,1,0,1,1,1,0,0,1,0,0
EPVLGPVRGPFP,0,1,0,1,0,0,0,1,0,0,0,0,0,0,0,0,0,0,1,1
EPIPYGFLP,0,1,0,1,0,0,0,1,0,0,0,0,0,0,0,0,0,0,1,1
DIGYY,0,1,0,1,0,0,0,1,1,0,1,0,0,1,1,0,0,0,0,0
MKY,0,0,0,0,1,0,0,0,0,0,1,0,0,1,1,0,0,0,0,0
YH,1,0,0,1,1,0,0,0,0,0,1,0,1,1,1,0,0,1,0,0
VMDKPQG,0,0,0,0,1,1,0,0,1,0,0,0,0,0,1,0,1,0,1,0
WT,1,0,0,1,1,0,0,0,0,0,0,0,0,1,1,0,0,0,1,0
EQGP,0,1,0,1,0,0,0,1,0,0,0,0,0,0,0,0,0,0,1,1
VG,0,0,0,0,1,1,0,0,1,0,0,0,0,0,1,0,1,0,1,0
VAWKL,0,0,0,0,1,1,0,0,1,0,0,0,0,0,1,1,0,0,0,0
RMLGQ,0,0,1,1,0,0,0,1,0,0,0,0,0,1,0,0,0,0,0,0
VQV,0,0,0,0,1,1,0,0,1,0,0,0,0,0,1,1,0,0,1,0
VQ,0,0,0,0,1,1,0,0,1,0,0,0,0,1,0,0,0,0,0,0
AQL,0,0,0,0,1,0,1,0,1,0,0,0,0,0,1,1,0,0,0,0
SQPK,0,0,0,1,0,0,1,0,1,0,0,0,1,1,1,0,0,1,0,0
LNENLLRFFVAPFPEVFG,0,0,0,0,1,1,0,0,0,0,0,0,0,0,1,0,1,0,1,0
LSPA,0,0,0,0,1,1,0,0,0,0,0,0,0,0,1,0,1,0,1,0
AYFYPELF,0,0,0,0,1,0,1,0,1,0,1,0,0,0,1,0,0,0,0,0
IKPLDY,0,0,0,0,1,1,0,0,0,0,1,0,0,1,1,0,0,0,0,0
ASGPINFT,0,0,0,0,1,0,1,0,1,0,0,0,0,1,1,0,0,0,1,0
EVLP,0,1,0,1,0,0,0,1,0,0,0,0,0,0,0,0,0,0,1,1
VIP,0,0,0,0,1,1,0,0,1,0,0,0,0,0,0,0,0,0,1,1
GPPGTDGAP,0,0,0,0,1,0,1,0,1,0,0,0,0,0,0,0,0,0,1,1
EMPFPK,0,1,0,1,0,0,0,1,0,0,0,0,1,1,1,0,0,1,0,0
HPFAQTQSLVYP,1,0,1,1,1,0,0,1,0,0,0,0,0,0,0,0,0,0,1,1
GLDIQK,0,0,0,0,1,0,1,0,1,0,0,0,1,1,1,0,0,1,0,0
PTFIAW,0,0,0,0,0,0,0,0,1,1,1,0,0,1,1,0,0,0,0,0
TKIVP,0,0,0,1,1,0,0,0,1,0,0,0,0,0,0,0,0,0,1,1
IFL,0,0,0,0,1,1,0,0,0,0,0,0,0,0,1,1,0,0,0,0
IEW,0,0,0,0,1,1,0,0,0,0,1,0,0,1,1,0,0,0,0,0
IQSQPQAFP,0,0,0,0,1,1,0,0,0,0,0,0,0,0,0,0,0,0,1,1
GIL,0,0,0,0,1,0,1,0,1,0,0,0,0,0,1,1,0,0,0,0
LVR,0,0,0,0,1,1,0,0,0,0,0,0,1,1,0,0,0,1,0,0
AVPYP,0,0,0,0,1,0,1,0,1,0,0,0,0,0,0,0,0,0,1,1
IVGRPR,0,0,0,0,1,1,0,0,0,0,0,0,1,1,0,0,0,1,0,0
LNPPHQIYP,0,0,0,0,1,1,0,0,0,0,0,0,0,0,0,0,0,0,1,1
KFY,0,0,1,1,1,0,0,1,0,0,1,0,0,1,1,0,0,0,0,0
PDLVF,0,0,0,0,0,0,0,0,1,1,1,0,0,0,1,0,0,0,0,0
GVPKVKETMVPKH,0,0,0,0,1,0,1,0,1,0,1,0,1,1,1,0,0,1,0,0
FPEVFGK,1,0,0,0,1,0,0,0,0,0,0,0,1,1,1,0,0,1,0,0
PLFPK,0,0,0,0,0,0,0,0,1,1,0,0,1,1,1,0,0,1,0,0
QEVLP,0,0,0,1,0,0,0,0,0,0,0,0,0,0,0,0,0,0,1,1
NVR,0,0,0,1,0,0,0,0,1,0,0,0,1,1,0,0,0,1,0,0
QSEPKAIP,0,0,0,1,0,0,0,0,0,0,0,0,0,0,0,0,0,0,1,1
PQR,0,0,0,0,0,0,0,0,1,1,0,0,1,1,0,0,0,1,0,0
LAY,0,0,0,0,1,1,0,0,0,0,1,0,0,1,1,0,0,0,0,0
QSGP,0,0,0,1,0,0,0,0,0,0,0,0,0,0,0,0,0,0,1,1
ENGLPVHLDQSIFRRP,0,1,0,1,0,0,0,1,0,0,0,0,0,0,0,0,0,0,1,1
GVGAGY,0,0,0,0,1,0,1,0,1,0,1,0,0,1,1,0,0,0,0,0
PSFQP,0,0,0,0,0,0,0,0,1,1,0,0,0,0,0,0,0,0,1,1
FEGTVFENG,1,0,0,0,1,0,0,0,0,0,0,0,0,0,1,0,1,0,1,0
GLTSK,0,0,0,0,1,0,1,0,1,0,0,0,1,1,1,0,0,1,0,0
KIHPFAQAQ,0,0,1,1,1,0,0,1,0,0,0,0,0,1,0,0,0,0,0,0
IFY,0,0,0,0,1,1,0,0,0,0,1,0,0,1,1,0,0,0,0,0
DAQSAPLRVY,0,1,0,1,0,0,0,1,1,0,1,0,0,1,1,0,0,0,0,0
DAGP,0,1,0,1,0,0,0,1,1,0,0,0,0,0,0,0,0,0,1,1
LLMLDNDLPP,0,0,0,0,1,1,0,0,0,0,0,0,0,0,0,0,0,0,1,1
IFENLQN,0,0,0,0,1,1,0,0,0,0,0,0,0,1,0,0,0,0,1,0
LIVT,0,0,0,0,1,1,0,0,0,0,0,0,0,1,1,0,0,0,1,0
AFP,0,0,0,0,1,0,1,0,1,0,0,0,0,0,0,0,0,0,1,1
PAQK,0,0,0,0,0,0,0,0,1,1,0,0,1,1,1,0,0,1,0,0
LVYPFPGPIPNSLPQNIPP,0,0,0,0,1,1,0,0,0,0,0,0,0,0,0,0,0,0,1,1
PTPVP,0,0,0,0,0,0,0,0,1,1,0,0,0,0,0,0,0,0,1,1
IVGRRRHQG,0,0,0,0,1,1,0,0,0,0,0,0,0,0,1,0,1,0,1,0
KIYPSFQPQPLIYP,0,0,1,1,1,0,0,1,0,0,0,0,0,0,0,0,0,0,1,1
EPKAIP,0,1,0,1,0,0,0,1,0,0,0,0,0,0,0,0,0,0,1,1
YK,1,0,0,1,1,0,0,0,0,0,0,0,1,1,1,0,0,1,0,0
PFFDPQIP,0,0,0,0,0,0,0,0,1,1,0,0,0,0,0,0,0,0,1,1
PNSHP,0,0,0,0,0,0,0,0,1,1,0,0,0,0,0,0,0,0,1,1
PPEIN,0,0,0,0,0,0,0,0,1,1,0,0,0,1,0,0,0,0,1,0
VPPLYPN,0,0,0,0,1,1,0,0,1,0,0,0,0,1,0,0,0,0,1,0
VPP,0,0,0,0,1,1,0,0,1,0,0,0,0,0,0,0,0,0,1,1
AVPYPQR,0,0,0,0,1,0,1,0,1,0,0,0,1,1,0,0,0,1,0,0
ENLLRFFVAPFPEVFG,0,1,0,1,0,0,0,1,0,0,0,0,0,0,1,0,1,0,1,0
TKY,0,0,0,1,1,0,0,0,1,0,1,0,0,1,1,0,0,0,0,0
GDLGKTTTVSNWSPPKYKDTP,0,0,0,0,1,0,1,0,1,0,0,0,0,0,0,0,0,0,1,1
WA,1,0,0,1,1,0,0,0,0,0,0,0,0,0,1,0,1,0,1,0
LIVTQ,0,0,0,0,1,1,0,0,0,0,0,0,0,1,0,0,0,0,0,0
RYLG,0,0,1,1,0,0,0,1,0,0,0,0,0,0,1,0,1,0,1,0
ASP,0,0,0,0,1,0,1,0,1,0,0,0,0,0,0,0,0,0,1,1
VR,0,0,0,0,1,1,0,0,1,0,0,0,1,1,0,0,0,1,0,0
LAMA,0,0,0,0,1,1,0,0,0,0,0,0,0,0,1,0,1,0,1,0
LALR,0,0,0,0,1,1,0,0,0,0,0,0,1,1,0,0,0,1,0,0
ACHP,0,0,0,0,1,0,1,0,1,0,0,0,0,0,0,0,0,0,1,1
WTFR,1,0,0,1,1,0,0,0,0,0,0,0,1,1,0,0,0,1,0,0
VHW,0,0,0,0,1,1,0,0,1,0,1,0,0,1,1,0,0,0,0,0
LK,0,0,0,0,1,1,0,0,0,0,0,0,1,1,1,0,0,1,0,0
IYPR,0,0,0,0,1,1,0,0,0,0,0,0,1,1,0,0,0,1,0,0
KLKFV,0,0,1,1,1,0,0,1,0,0,0,0,0,0,1,1,0,0,1,0
HLL,1,0,1,1,1,0,0,1,0,0,0,0,0,0,1,1,0,0,0,0
VYPFPGPI,0,0,0,0,1,1,0,0,1,0,0,0,0,0,1,1,0,0,0,0
GMKCAF,0,0,0,0,1,0,1,0,1,0,1,0,0,0,1,0,0,0,0,0
DLQGK,0,1,0,1,0,0,0,1,1,0,0,0,1,1,1,0,0,1,0,0
MPF,0,0,0,0,1,0,0,0,0,0,1,0,0,0,1,0,0,0,0,0
AL,0,0,0,0,1,0,1,0,1,0,0,0,0,0,1,1,0,0,0,0
SVAKLE,0,0,0,1,0,0,1,0,1,0,0,1,0,1,0,0,0,1,0,0
GKP,0,0,0,0,1,0,1,0,1,0,0,0,0,0,0,0,0,0,1,1
LGFPTTKTYFPHF,0,0,0,0,1,1,0,0,0,0,1,0,0,0,1,0,0,0,0,0
NKGPR,0,0,0,1,0,0,0,0,1,0,0,0,1,1,0,0,0,1,0,0
DGVVYY,0,1,0,1,0,0,0,1,1,0,1,0,0,1,1,0,0,0,0,0
SPYP,0,0,0,1,0,0,1,0,1,0,0,0,0,0,0,0,0,0,1,1
VAHINVWK,0,0,0,0,1,1,0,0,1,0,0,0,1,1,1,0,0,1,0,0
IRAQQ,0,0,0,0,1,1,0,0,0,0,0,0,0,1,0,0,0,0,0,0
KLRP,0,0,1,1,1,0,0,1,0,0,0,0,0,0,0,0,0,0,1,1
LSSGDVF,0,0,0,0,1,1,0,0,0,0,1,0,0,0,1,0,0,0,0,0
LLYQQPVLGPVRGPFPIIV,0,0,0,0,1,1,0,0,0,0,0,0,0,0,1,1,0,0,1,0
THIKWGD,0,0,0,1,1,0,0,0,1,0,0,1,0,1,0,0,0,1,1,0
DELQDKIHPFAQTQSLVYPFPGPIPNS,0,1,0,1,0,0,0,1,1,0,0,0,0,1,0,0,1,0,1,0
SPRCR,0,0,0,1,0,0,1,0,1,0,0,0,1,1,0,0,0,1,0,0
YLYEIAR,1,0,0,1,1,0,0,0,0,0,0,0,1,1,0,0,0,1,0,0
IRY,0,0,0,0,1,1,0,0,0,0,1,0,0,1,1,0,0,0,0,0
SWSF,0,0,0,1,0,0,1,0,1,0,1,0,0,0,1,0,0,0,0,0
IPF,0,0,0,0,1,1,0,0,0,0,1,0,0,0,1,0,0,0,0,0
YKLRP,1,0,0,1,1,0,0,0,0,0,0,0,0,0,0,0,0,0,1,1
EAPPK,0,1,0,1,0,0,0,1,0,0,0,0,1,1,1,0,0,1,0,0
PTHIKWGD,0,0,0,0,0,0,0,0,1,1,0,1,0,1,0,0,0,1,1,0
IAIPP,0,0,0,0,1,1,0,0,0,0,0,0,0,0,0,0,0,0,1,1
YNK,1,0,0,1,1,0,0,0,0,0,0,0,1,1,1,0,0,1,0,0
PER,0,0,0,0,0,0,0,0,1,1,0,0,1,1,0,0,0,1,0,0
PKHP,0,0,0,0,0,0,0,0,1,1,0,0,0,0,0,0,0,0,1,1
PAVVRP,0,0,0,0,0,0,0,0,1,1,0,0,0,0,0,0,0,0,1,1
VQVTSTAV,0,0,0,0,1,1,0,0,1,0,0,0,0,0,1,1,0,0,1,0
YYAKPAAVR,1,0,0,1,1,0,0,0,0,0,0,0,1,1,0,0,0,1,0,0
PAPPK,0,0,0,0,0,0,0,0,1,1,0,0,1,1,1,0,0,1,0,0
HNW,1,0,1,1,1,0,0,1,0,0,1,0,0,1,1,0,0,0,0,0
PVPP,0,0,0,0,0,0,0,0,1,1,0,0,0,0,0,0,0,0,1,1
AH,0,0,0,0,1,0,1,0,1,0,1,0,1,1,1,0,0,1,0,0
VWIS,0,0,0,0,1,1,0,0,1,0,0,0,0,1,0,0,1,0,1,0
VPKVK,0,0,0,0,1,1,0,0,1,0,0,0,1,1,1,0,0,1,0,0
NG,0,0,0,1,0,0,0,0,1,0,0,0,0,0,1,0,1,0,1,0
NAGPFTPTVNREQLSTS,0,0,0,1,0,0,0,0,1,0,0,0,0,1,0,0,1,0,1,0
MK,0,0,0,0,1,0,0,0,0,0,0,0,1,1,1,0,0,1,0,0
NP,0,0,0,1,0,0,0,0,1,0,0,0,0,0,0,0,0,0,1,1
VLPF,0,0,0,0,1,1,0,0,1,0,1,0,0,0,1,0,0,0,0,0
VFKAF,0,0,0,0,1,1,0,0,1,0,1,0,0,0,1,0,0,0,0,0
PYKWLP,0,0,0,0,0,0,0,0,1,1,0,0,0,0,0,0,0,0,1,1
YY,1,0,0,1,1,0,0,0,0,0,1,0,0,1,1,0,0,0,0,0
YN,1,0,0,1,1,0,0,0,0,0,0,0,0,1,0,0,0,0,1,0
VADVYVGK,0,0,0,0,1,1,0,0,1,0,0,0,1,1,1,0,0,1,0,0
RADHP,0,0,1,1,0,0,0,1,0,0,0,0,0,0,0,0,0,0,1,1
AQK,0,0,0,0,1,0,1,0,1,0,0,0,1,1,1,0,0,1,0,0
LRPVAA,0,0,0,0,1,1,0,0,0,0,0,0,0,0,1,0,1,0,1,0
YQNPRLGPTGELDPATQPIVAVHNPVIV,1,0,0,1,1,0,0,0,0,0,0,0,0,0,1,1,0,0,1,0
VRK,0,0,0,0,1,1,0,0,1,0,0,0,1,1,1,0,0,1,0,0
VW,0,0,0,0,1,1,0,0,1,0,1,0,0,1,1,0,0,0,0,0
QLGP,0,0,0,1,0,0,0,0,0,0,0,0,0,0,0,0,0,0,1,1
VSLPEW,0,0,0,0,1,1,0,0,1,0,1,0,0,1,1,0,0,0,0,0
KAPVA,0,0,1,1,1,0,0,1,0,0,0,0,0,0,1,0,1,0,1,0
VRYL,0,0,0,0,1,1,0,0,1,0,0,0,0,0,1,1,0,0,0,0
LDAQSAPLR,0,0,0,0,1,1,0,0,0,0,0,0,1,1,0,0,0,1,0,0
FAQTQSLVYP,1,0,0,0,1,0,0,0,0,0,0,0,0,0,0,0,0,0,1,1
FFVAPFPEVFGK,1,0,0,0,1,0,0,0,0,0,0,0,1,1,1,0,0,1,0,0
LY,0,0,0,0,1,1,0,0,0,0,1,0,0,1,1,0,0,0,0,0
NF,0,0,0,1,0,0,0,0,1,0,1,0,0,0,1,0,0,0,0,0
KVLPVP,0,0,1,1,1,0,0,1,0,0,0,0,0,0,0,0,0,0,1,1
AGP,0,0,0,0,1,0,1,0,1,0,0,0,0,0,0,0,0,0,1,1
AI,0,0,0,0,1,0,1,0,1,0,0,0,0,0,1,1,0,0,0,0
GTEKC,0,0,0,0,1,0,1,0,1,0,0,0,0,1,1,0,1,0,1,0
VDF,0,0,0,0,1,1,0,0,1,0,1,0,0,0,1,0,0,0,0,0
PLPLL,0,0,0,0,0,0,0,0,1,1,0,0,0,0,1,1,0,0,0,0
LNPA,0,0,0,0,1,1,0,0,0,0,0,0,0,0,1,0,1,0,1,0
LNVVGETVE,0,0,0,0,1,1,0,0,0,0,0,1,0,1,0,0,0,1,0,0
RPP,0,0,1,1,0,0,0,1,0,0,0,0,0,0,0,0,0,0,1,1
IHPFAQTQSLVYP,0,0,0,0,1,1,0,0,0,0,0,0,0,0,0,0,0,0,1,1
FGRCVSP,1,0,0,0,1,0,0,0,0,0,0,0,0,0,0,0,0,0,1,1
NCW,0,0,0,1,0,0,0,0,1,0,1,0,0,1,1,0,0,0,0,0
INDPF,0,0,0,0,1,1,0,0,0,0,1,0,0,0,1,0,0,0,0,0
GFR,0,0,0,0,1,0,1,0,1,0,0,0,1,1,0,0,0,1,0,0
DKIHPF,0,1,0,1,0,0,0,1,1,0,1,0,0,0,1,0,0,0,0,0
KLEK,0,0,1,1,1,0,0,1,0,0,0,0,1,1,1,0,0,1,0,0
GKKIATYQER,0,0,0,0,1,0,1,0,1,0,0,0,1,1,0,0,0,1,0,0
ANPAVVRP,0,0,0,0,1,0,1,0,1,0,0,0,0,0,0,0,0,0,1,1
VLSRYP,0,0,0,0,1,1,0,0,1,0,0,0,0,0,0,0,0,0,1,1
GIQSEPKAIP,0,0,0,0,1,0,1,0,1,0,0,0,0,0,0,0,0,0,1,1
HLPLP,1,0,1,1,1,0,0,1,0,0,0,0,0,0,0,0,0,0,1,1
KDYRL,0,0,1,1,1,0,0,1,0,0,0,0,0,0,1,1,0,0,0,0
TPWVPPFLQP,0,0,0,1,1,0,0,0,1,0,0,0,0,0,0,0,0,0,1,1
IPP,0,0,0,0,1,1,0,0,0,0,0,0,0,0,0,0,0,0,1,1
RGY,0,0,1,1,0,0,0,1,0,0,1,0,0,1,1,0,0,0,0,0
YPIL,1,0,0,1,1,0,0,0,0,0,0,0,0,0,1,1,0,0,0,0
AMKPW,0,0,0,0,1,0,1,0,1,0,1,0,0,1,1,0,0,0,0,0
TLKYP,0,0,0,1,1,0,0,0,1,0,0,0,0,0,0,0,0,0,1,1
GFPGTPGLPGF,0,0,0,0,1,0,1,0,1,0,1,0,0,0,1,0,0,0,0,0
GQY,0,0,0,0,1,0,1,0,1,0,1,0,0,1,1,0,0,0,0,0
YAEER,1,0,0,1,1,0,0,0,0,0,0,0,1,1,0,0,0,1,0,0
PFPEVFGK,0,0,0,0,0,0,0,0,1,1,0,0,1,1,1,0,0,1,0,0
IITNW,0,0,0,0,1,1,0,0,0,0,1,0,0,1,1,0,0,0,0,0
VLVPK,0,0,0,0,1,1,0,0,1,0,0,0,1,1,1,0,0,1,0,0
YYA,1,0,0,1,1,0,0,0,0,0,0,0,0,0,1,0,1,0,1,0
HAEIN,1,0,1,1,1,0,0,1,0,0,0,0,0,1,0,0,0,0,1,0
IIP,0,0,0,0,1,1,0,0,0,0,0,0,0,0,0,0,0,0,1,1
VKAGF,0,0,0,0,1,1,0,0,1,0,1,0,0,0,1,0,0,0,0,0
NNVMLQW,0,0,0,1,0,0,0,0,1,0,1,0,0,1,1,0,0,0,0,0
TGPIPN,0,0,0,1,1,0,0,0,1,0,0,0,0,1,0,0,0,0,1,0
PHA,0,0,0,0,0,0,0,0,1,1,0,0,0,0,1,0,1,0,1,0
VVYPWT,0,0,0,0,1,1,0,0,1,0,0,0,0,1,1,0,0,0,1,0
RPR,0,0,1,1,0,0,0,1,0,0,0,0,1,1,0,0,0,1,0,0
YQEPVLGP,1,0,0,1,1,0,0,0,0,0,0,0,0,0,0,0,0,0,1,1
DYG,0,1,0,1,0,0,0,1,1,0,0,0,0,0,1,0,1,0,1,0
VWIG,0,0,0,0,1,1,0,0,1,0,0,0,0,0,1,0,1,0,1,0
PAGPR,0,0,0,0,0,0,0,0,1,1,0,0,1,1,0,0,0,1,0,0
FFGVRCVSP,1,0,0,0,1,0,0,0,0,0,0,0,0,0,0,0,0,0,1,1
AKF,0,0,0,0,1,0,1,0,1,0,1,0,0,0,1,0,0,0,0,0
VAGTW,0,0,0,0,1,1,0,0,1,0,1,0,0,1,1,0,0,0,0,0
AGTTCLFTPLALPYDYSH,0,0,0,0,1,0,1,0,1,0,1,0,1,1,1,0,0,1,0,0
VKK,0,0,0,0,1,1,0,0,1,0,0,0,1,1,1,0,0,1,0,0
DTW,0,1,0,1,0,0,0,1,1,0,1,0,0,1,1,0,0,0,0,0
HLPPPV,1,0,1,1,1,0,0,1,0,0,0,0,0,0,1,1,0,0,1,0
LGALPF,0,0,0,0,1,1,0,0,0,0,1,0,0,0,1,0,0,0,0,0
VPA,0,0,0,0,1,1,0,0,1,0,0,0,0,0,1,0,1,0,1,0
VYAPFE,0,0,0,0,1,1,0,0,1,0,0,1,0,1,0,0,0,1,0,0
FWN,1,0,0,0,1,0,0,0,0,0,0,0,0,1,0,0,0,0,1,0
TK,0,0,0,1,1,0,0,0,1,0,0,0,1,1,1,0,0,1,0,0
RVPSL,0,0,1,1,0,0,0,1,0,0,0,0,0,0,1,1,0,0,0,0
MMVPI,0,0,0,0,1,0,0,0,0,0,0,0,0,0,1,1,0,0,0,0
VYRT,0,0,0,0,1,1,0,0,1,0,0,0,0,1,1,0,0,0,1,0
QDNSRYTHFLTQHYDAFPQGR,0,0,0,1,0,0,0,0,0,0,0,0,1,1,0,0,0,1,0,0
WG,1,0,0,1,1,0,0,0,0,0,0,0,0,0,1,0,1,0,1,0
MLPAY,0,0,0,0,1,0,0,0,0,0,1,0,0,1,1,0,0,0,0,0
LKPNM,0,0,0,0,1,1,0,0,0,0,0,0,0,0,1,0,0,0,0,0
VEV,0,0,0,0,1,1,0,0,1,0,0,0,0,0,1,1,0,0,1,0
AEL,0,0,0,0,1,0,1,0,1,0,0,0,0,0,1,1,0,0,0,0
AGS,0,0,0,0,1,0,1,0,1,0,0,0,0,1,0,0,1,0,1,0
PTHIAW,0,0,0,0,0,0,0,0,1,1,1,0,0,1,1,0,0,0,0,0
LVPFGW,0,0,0,0,1,1,0,0,0,0,1,0,0,1,1,0,0,0,0,0
ELIN,0,1,0,1,0,0,0,1,0,0,0,0,0,1,0,0,0,0,1,0
FFGRCVSP,1,0,0,0,1,0,0,0,0,0,0,0,0,0,0,0,0,0,1,1
IKY,0,0,0,0,1,1,0,0,0,0,1,0,0,1,1,0,0,0,0,0
MCESASSK,0,0,0,0,1,0,0,0,0,0,0,0,1,1,1,0,0,1,0,0
VLPIPQ,0,0,0,0,1,1,0,0,1,0,0,0,0,1,0,0,0,0,0,0
GPK,0,0,0,0,1,0,1,0,1,0,0,0,1,1,1,0,0,1,0,0
LLRH,0,0,0,0,1,1,0,0,0,0,1,0,1,1,1,0,0,1,0,0
IYPRY,0,0,0,0,1,1,0,0,0,0,1,0,0,1,1,0,0,0,0,0
WVPSV,1,0,0,1,1,0,0,0,0,0,0,0,0,0,1,1,0,0,1,0
PRY,0,0,0,0,0,0,0,0,1,1,1,0,0,1,1,0,0,0,0,0
IKPVQ,0,0,0,0,1,1,0,0,0,0,0,0,0,1,0,0,0,0,0,0
ALNEINQFYQK,0,0,0,0,1,0,1,0,1,0,0,0,1,1,1,0,0,1,0,0
KGYGGVSLPEW,0,0,1,1,1,0,0,1,0,0,1,0,0,1,1,0,0,0,0,0
IQW,0,0,0,0,1,1,0,0,0,0,1,0,0,1,1,0,0,0,0,0
HSGIQSEPKAIP,1,0,1,1,1,0,0,1,0,0,0,0,0,0,0,0,0,0,1,1
GPPGPP,0,0,0,0,1,0,1,0,1,0,0,0,0,0,0,0,0,0,1,1
PTHIKWN,0,0,0,0,0,0,0,0,1,1,0,0,0,1,0,0,0,0,1,0
EAP,0,1,0,1,0,0,0,1,0,0,0,0,0,0,0,0,0,0,1,1
PRVF,0,0,0,0,0,0,0,0,1,1,1,0,0,0,1,0,0,0,0,0
MIFPGAGGPEL,0,0,0,0,1,0,0,0,0,0,0,0,0,0,1,1,0,0,0,0
VVGAK,0,0,0,0,1,1,0,0,1,0,0,0,1,1,1,0,0,1,0,0
RDILNQ,0,0,1,1,0,0,0,1,0,0,0,0,0,1,0,0,0,0,0,0
LHLYLP,0,0,0,0,1,1,0,0,0,0,0,0,0,0,0,0,0,0,1,1
YKWL,1,0,0,1,1,0,0,0,0,0,0,0,0,0,1,1,0,0,0,0
TNGIIR,0,0,0,1,1,0,0,0,1,0,0,0,1,1,0,0,0,1,0,0
SVAKLEK,0,0,0,1,0,0,1,0,1,0,0,0,1,1,1,0,0,1,0,0
LPP,0,0,0,0,1,1,0,0,0,0,0,0,0,0,0,0,0,0,1,1
SKVLPVPE,0,0,0,1,0,0,1,0,1,0,0,1,0,1,0,0,0,1,0,0
WIR,1,0,0,1,1,0,0,0,0,0,0,0,1,1,0,0,0,1,0,0
RHQG,0,0,1,1,0,0,0,1,0,0,0,0,0,0,1,0,1,0,1,0
GLPGSRGERGLPG,0,0,0,0,1,0,1,0,1,0,0,0,0,0,1,0,1,0,1,0
IPALLKR,0,0,0,0,1,1,0,0,0,0,0,0,1,1,0,0,0,1,0,0
ER,0,1,0,1,0,0,0,1,0,0,0,0,1,1,0,0,0,1,0,0
LVPP,0,0,0,0,1,1,0,0,0,0,0,0,0,0,0,0,0,0,1,1
GPVGPA,0,0,0,0,1,0,1,0,1,0,0,0,0,0,1,0,1,0,1,0
QIGP,0,0,0,1,0,0,0,0,0,0,0,0,0,0,0,0,0,0,1,1
GM,0,0,0,0,1,0,1,0,1,0,0,0,0,0,1,0,0,0,0,0
VAY,0,0,0,0,1,1,0,0,1,0,1,0,0,1,1,0,0,0,0,0
GGFIE,0,0,0,0,1,0,1,0,1,0,0,1,0,1,0,0,0,1,0,0
VWDPPKFD,0,0,0,0,1,1,0,0,1,0,0,1,0,1,0,0,0,1,1,0
DA,0,1,0,1,0,0,0,1,1,0,0,0,0,0,1,0,1,0,1,0
LTQTPVVVPP,0,0,0,0,1,1,0,0,0,0,0,0,0,0,0,0,0,0,1,1
IF,0,0,0,0,1,1,0,0,0,0,1,0,0,0,1,0,0,0,0,0
ENGLPVHLDQSIFR,0,1,0,1,0,0,0,1,0,0,0,0,1,1,0,0,0,1,0,0
KY,0,0,1,1,1,0,0,1,0,0,1,0,0,1,1,0,0,0,0,0
HQG,1,0,1,1,1,0,0,1,0,0,0,0,0,0,1,0,1,0,1,0
DNLLN,0,1,0,1,0,0,0,1,1,0,0,0,0,1,0,0,0,0,1,0
RL,0,0,1,1,0,0,0,1,0,0,0,0,0,0,1,1,0,0,0,0
VVG,0,0,0,0,1,1,0,0,1,0,0,0,0,0,1,0,1,0,1,0
AHEPVK,0,0,0,0,1,0,1,0,1,0,0,0,1,1,1,0,0,1,0,0
VVF,0,0,0,0,1,1,0,0,1,0,1,0,0,0,1,0,0,0,0,0
TPCPPQ,0,0,0,1,1,0,0,0,1,0,0,0,0,1,0,0,0,0,0,0
WVPSVY,1,0,0,1,1,0,0,0,0,0,1,0,0,1,1,0,0,0,0,0
IKPLNY,0,0,0,0,1,1,0,0,0,0,1,0,0,1,1,0,0,0,0,0
VLGPVRGPFPIIV,0,0,0,0,1,1,0,0,1,0,0,0,0,0,1,1,0,0,1,0
MTEEY,0,0,0,0,1,0,0,0,0,0,1,0,0,1,1,0,0,0,0,0
CFCTKPC,0,0,0,1,1,0,1,0,1,0,0,0,0,1,1,0,1,0,1,0
PANIKWGD,0,0,0,0,0,0,0,0,1,1,0,1,0,1,0,0,0,1,1,0
HDHM,1,0,1,1,1,0,0,1,0,0,0,0,0,0,1,0,0,0,0,0
SKVYP,0,0,0,1,0,0,1,0,1,0,0,0,0,0,0,0,0,0,1,1
AKYCY,0,0,0,0,1,0,1,0,1,0,1,0,0,1,1,0,0,0,0,0
DPYKLRP,0,1,0,1,0,0,0,1,1,0,0,0,0,0,0,0,0,0,1,1
IG,0,0,0,0,1,1,0,0,0,0,0,0,0,0,1,0,1,0,1,0
MILLLFR,0,0,0,0,1,0,0,0,0,0,0,0,1,1,0,0,0,1,0,0
GL,0,0,0,0,1,0,1,0,1,0,0,0,0,0,1,1,0,0,0,0
DW,0,1,0,1,0,0,0,1,1,0,1,0,0,1,1,0,0,0,0,0
YVVFK,1,0,0,1,1,0,0,0,0,0,0,0,1,1,1,0,0,1,0,0
GVYPHK,0,0,0,0,1,0,1,0,1,0,0,0,1,1,1,0,0,1,0,0
IAK,0,0,0,0,1,1,0,0,0,0,0,0,1,1,1,0,0,1,0,0
PVPQP,0,0,0,0,0,0,0,0,1,1,0,0,0,0,0,0,0,0,1,1
IWHHTF,0,0,0,0,1,1,0,0,0,0,1,0,0,0,1,0,0,0,0,0
LRY,0,0,0,0,1,1,0,0,0,0,1,0,0,1,1,0,0,0,0,0
PSSNK,0,0,0,0,0,0,0,0,1,1,0,0,1,1,1,0,0,1,0,0
LPF,0,0,0,0,1,1,0,0,0,0,1,0,0,0,1,0,0,0,0,0
PKAIP,0,0,0,0,0,0,0,0,1,1,0,0,0,0,0,0,0,0,1,1
ENLHLPLP,0,1,0,1,0,0,0,1,0,0,0,0,0,0,0,0,0,0,1,1
YKWLP,1,0,0,1,1,0,0,0,0,0,0,0,0,0,0,0,0,0,1,1
YRGGLEPINF,1,0,0,1,1,0,0,0,0,0,1,0,0,0,1,0,0,0,0,0
LKY,0,0,0,0,1,1,0,0,0,0,1,0,0,1,1,0,0,0,0,0
RALP,0,0,1,1,0,0,0,1,0,0,0,0,0,0,0,0,0,0,1,1
IAIP,0,0,0,0,1,1,0,0,0,0,0,0,0,0,0,0,0,0,1,1
YPK,1,0,0,1,1,0,0,0,0,0,0,0,1,1,1,0,0,1,0,0
LEE,0,0,0,0,1,1,0,0,0,0,0,1,0,1,0,0,0,1,0,0
VECYGPNRPQF,0,0,0,0,1,1,0,0,1,0,1,0,0,0,1,0,0,0,0,0
GPAGAP,0,0,0,0,1,0,1,0,1,0,0,0,0,0,0,0,0,0,1,1
VVCVPW,0,0,0,0,1,1,0,0,1,0,1,0,0,1,1,0,0,0,0,0
KAAAATP,0,0,1,1,1,0,0,1,0,0,0,0,0,0,0,0,0,0,1,1
TGPIPNSLPQ,0,0,0,1,1,0,0,0,1,0,0,0,0,1,0,0,0,0,0,0
KLPAGTLF,0,0,1,1,1,0,0,1,0,0,1,0,0,0,1,0,0,0,0,0
EKGP,0,1,0,1,0,0,0,1,0,0,0,0,0,0,0,0,0,0,1,1
LSMGSASLSP,0,0,0,0,1,1,0,0,0,0,0,0,0,0,0,0,0,0,1,1
LQW,0,0,0,0,1,1,0,0,0,0,1,0,0,1,1,0,0,0,0,0
TDQHQDKIYP,0,0,0,1,1,0,0,0,1,0,0,0,0,0,0,0,0,0,1,1
TVDQHQ,0,0,0,1,1,0,0,0,1,0,0,0,0,1,0,0,0,0,0,0
NKL,0,0,0,1,0,0,0,0,1,0,0,0,0,0,1,1,0,0,0,0
YSQQQQ,1,0,0,1,1,0,0,0,0,0,0,0,0,1,0,0,0,0,0,0
IIPLEN,0,0,0,0,1,1,0,0,0,0,0,0,0,1,0,0,0,0,1,0
IWHHT,0,0,0,0,1,1,0,0,0,0,0,0,0,1,1,0,0,0,1,0
GY,0,0,0,0,1,0,1,0,1,0,1,0,0,1,1,0,0,0,0,0
LRIPVA,0,0,0,0,1,1,0,0,0,0,0,0,0,0,1,0,1,0,1,0
TTN,0,0,0,1,1,0,0,0,1,0,0,0,0,1,0,0,0,0,1,0
TFPHGP,0,0,0,1,1,0,0,0,1,0,0,0,0,0,0,0,0,0,1,1
FKR,1,0,0,0,1,0,0,0,0,0,0,0,1,1,0,0,0,1,0,0
AVVRP,0,0,0,0,1,0,1,0,1,0,0,0,0,0,0,0,0,0,1,1
VIIF,0,0,0,0,1,1,0,0,1,0,1,0,0,0,1,0,0,0,0,0
IR,0,0,0,0,1,1,0,0,0,0,0,0,1,1,0,0,0,1,0,0
HA,1,0,1,1,1,0,0,1,0,0,0,0,0,0,1,0,1,0,1,0
YALPHA,1,0,0,1,1,0,0,0,0,0,0,0,0,0,1,0,1,0,1,0
MLLCS,0,0,0,0,1,0,0,0,0,0,0,0,0,1,0,0,1,0,1,0
VLPYP,0,0,0,0,1,1,0,0,1,0,0,0,0,0,0,0,0,0,1,1
APGAGVY,0,0,0,0,1,0,1,0,1,0,1,0,0,1,1,0,0,0,0,0
PP,0,0,0,0,0,0,0,0,1,1,0,0,0,0,0,0,0,0,1,1
TNW,0,0,0,1,1,0,0,0,1,0,1,0,0,1,1,0,0,0,0,0
FKGRYYP,1,0,0,0,1,0,0,0,0,0,0,0,0,0,0,0,0,0,1,1
PYKLRP,0,0,0,0,0,0,0,0,1,1,0,0,0,0,0,0,0,0,1,1
PG,0,0,0,0,0,0,0,0,1,1,0,0,0,0,1,0,1,0,1,0
RY,0,0,1,1,0,0,0,1,0,0,1,0,0,1,1,0,0,0,0,0
FQKVVAK,1,0,0,0,1,0,0,0,0,0,0,0,1,1,1,0,0,1,0,0
GVHHA,0,0,0,0,1,0,1,0,1,0,0,0,0,0,1,0,1,0,1,0
SHP,0,0,0,1,0,0,1,0,1,0,0,0,0,0,0,0,0,0,1,1
FYPEL,1,0,0,0,1,0,0,0,0,0,0,0,0,0,1,1,0,0,0,0
FDART,1,0,0,0,1,0,0,0,0,0,0,0,0,1,1,0,0,0,1,0
QPQPLIYP,0,0,0,1,0,0,0,0,0,0,0,0,0,0,0,0,0,0,1,1
FGG,1,0,0,0,1,0,0,0,0,0,0,0,0,0,1,0,1,0,1,0
EG,0,1,0,1,0,0,0,1,0,0,0,0,0,0,1,0,1,0,1,0
LAHKAL,0,0,0,0,1,1,0,0,0,0,0,0,0,0,1,1,0,0,0,0
VYAP,0,0,0,0,1,1,0,0,1,0,0,0,0,0,0,0,0,0,1,1
FDK,1,0,0,0,1,0,0,0,0,0,0,0,1,1,1,0,0,1,0,0
FK,1,0,0,0,1,0,0,0,0,0,0,0,1,1,1,0,0,1,0,0
EP,0,1,0,1,0,0,0,1,0,0,0,0,0,0,0,0,0,0,1,1
TCSP,0,0,0,1,1,0,0,0,1,0,0,0,0,0,0,0,0,0,1,1
TVGMTAKF,0,0,0,1,1,0,0,0,1,0,1,0,0,0,1,0,0,0,0,0
ALPM,0,0,0,0,1,0,1,0,1,0,0,0,0,0,1,0,0,0,0,0
AAATP,0,0,0,0,1,0,1,0,1,0,0,0,0,0,0,0,0,0,1,1
LEGR,0,0,0,0,1,1,0,0,0,0,0,0,1,1,0,0,0,1,0,0
YKW,1,0,0,1,1,0,0,0,0,0,1,0,0,1,1,0,0,0,0,0
GPFPILV,0,0,0,0,1,0,1,0,1,0,0,0,0,0,1,1,0,0,1,0
PADIKWGD,0,0,0,0,0,0,0,0,1,1,0,1,0,1,0,0,0,1,1,0
NPP,0,0,0,1,0,0,0,0,1,0,0,0,0,0,0,0,0,0,1,1
IVR,0,0,0,0,1,1,0,0,0,0,0,0,1,1,0,0,0,1,0,0
LHP,0,0,0,0,1,1,0,0,0,0,0,0,0,0,0,0,0,0,1,1
WHHTF,1,0,0,1,1,0,0,0,0,0,1,0,0,0,1,0,0,0,0,0
QLLKLK,0,0,0,1,0,0,0,0,0,0,0,0,1,1,1,0,0,1,0,0
RADHPFL,0,0,1,1,0,0,0,1,0,0,0,0,0,0,1,1,0,0,0,0
GFYPPP,0,0,0,0,1,0,1,0,1,0,0,0,0,0,0,0,0,0,1,1
LPPP,0,0,0,0,1,1,0,0,0,0,0,0,0,0,0,0,0,0,1,1
GPCSR,0,0,0,0,1,0,1,0,1,0,0,0,1,1,0,0,0,1,0,0
VVYPW,0,0,0,0,1,1,0,0,1,0,1,0,0,1,1,0,0,0,0,0
PGPLGLTGP,0,0,0,0,0,0,0,0,1,1,0,0,0,0,0,0,0,0,1,1
GVYPH,0,0,0,0,1,0,1,0,1,0,1,0,1,1,1,0,0,1,0,0
WQVLPNAVPAK,1,0,0,1,1,0,0,0,0,0,0,0,1,1,1,0,0,1,0,0
LLNP,0,0,0,0,1,1,0,0,0,0,0,0,0,0,0,0,0,0,1,1
LAIPVNKP,0,0,0,0,1,1,0,0,0,0,0,0,0,0,0,0,0,0,1,1
RVR,0,0,1,1,0,0,0,1,0,0,0,0,1,1,0,0,0,1,0,0
QLGFLGPR,0,0,0,1,0,0,0,0,0,0,0,0,1,1,0,0,0,1,0,0
GILRP,0,0,0,0,1,0,1,0,1,0,0,0,0,0,0,0,0,0,1,1
PYVRYL,0,0,0,0,0,0,0,0,1,1,0,0,0,0,1,1,0,0,0,0
WHP,1,0,0,1,1,0,0,0,0,0,0,0,0,0,0,0,0,0,1,1
YGG,1,0,0,1,1,0,0,0,0,0,0,0,0,0,1,0,1,0,1,0
HHT,1,0,1,1,1,0,0,1,0,0,0,0,0,1,1,0,0,0,1,0
GPVGPP,0,0,0,0,1,0,1,0,1,0,0,0,0,0,0,0,0,0,1,1
RELKDL,0,0,1,1,0,0,0,1,0,0,0,0,0,0,1,1,0,0,0,0
DP,0,1,0,1,0,0,0,1,1,0,0,0,0,0,0,0,0,0,1,1
KFAWPQ,0,0,1,1,1,0,0,1,0,0,0,0,0,1,0,0,0,0,0,0
HQDF,1,0,1,1,1,0,0,1,0,0,1,0,0,0,1,0,0,0,0,0
MYY,0,0,0,0,1,0,0,0,0,0,1,0,0,1,1,0,0,0,0,0
IW,0,0,0,0,1,1,0,0,0,0,1,0,0,1,1,0,0,0,0,0
GLYP,0,0,0,0,1,0,1,0,1,0,0,0,0,0,0,0,0,0,1,1
MNP,0,0,0,0,1,0,0,0,0,0,0,0,0,0,0,0,0,0,1,1
KAIP,0,0,1,1,1,0,0,1,0,0,0,0,0,0,0,0,0,0,1,1
QNALIVRYTR,0,0,0,1,0,0,0,0,0,0,0,0,1,1,0,0,0,1,0,0
VPQP,0,0,0,0,1,1,0,0,1,0,0,0,0,0,0,0,0,0,1,1
RPKHPIKH,0,0,1,1,0,0,0,1,0,0,1,0,1,1,1,0,0,1,0,0
PQEVLP,0,0,0,0,0,0,0,0,1,1,0,0,0,0,0,0,0,0,1,1
SY,0,0,0,1,0,0,1,0,1,0,1,0,0,1,1,0,0,0,0,0
LPPPVH,0,0,0,0,1,1,0,0,0,0,1,0,1,1,1,0,0,1,0,0
IYLL,0,0,0,0,1,1,0,0,0,0,0,0,0,0,1,1,0,0,0,0
PAGPVG,0,0,0,0,0,0,0,0,1,1,0,0,0,0,1,0,1,0,1,0
PKLPPVKK,0,0,0,0,0,0,0,0,1,1,0,0,1,1,1,0,0,1,0,0
QP,0,0,0,1,0,0,0,0,0,0,0,0,0,0,0,0,0,0,1,1
LYPVK,0,0,0,0,1,1,0,0,0,0,0,0,1,1,1,0,0,1,0,0
VRGPFPIIV,0,0,0,0,1,1,0,0,1,0,0,0,0,0,1,1,0,0,1,0
EEYPDL,0,1,0,1,0,0,0,1,0,0,0,0,0,0,1,1,0,0,0,0
PRHQG,0,0,0,0,0,0,0,0,1,1,0,0,0,0,1,0,1,0,1,0
QG,0,0,0,1,0,0,0,0,0,0,0,0,0,0,1,0,1,0,1,0
SGIQSEPKAIP,0,0,0,1,0,0,1,0,1,0,0,0,0,0,0,0,0,0,1,1
FRC,1,0,0,0,1,0,0,0,0,0,0,0,0,1,1,0,1,0,1,0
LIPPGVPY,0,0,0,0,1,1,0,0,0,0,1,0,0,1,1,0,0,0,0,0
ADHP,0,0,0,0,1,0,1,0,1,0,0,0,0,0,0,0,0,0,1,1
LPYPY,0,0,0,0,1,1,0,0,0,0,1,0,0,1,1,0,0,0,0,0
DILN,0,1,0,1,0,0,0,1,1,0,0,0,0,1,0,0,0,0,1,0
KRVIQY,0,0,1,1,1,0,0,1,0,0,1,0,0,1,1,0,0,0,0,0
VHLAP,0,0,0,0,1,1,0,0,1,0,0,0,0,0,0,0,0,0,1,1
IPQEVLP,0,0,0,0,1,1,0,0,0,0,0,0,0,0,0,0,0,0,1,1
YTAGV,1,0,0,1,1,0,0,0,0,0,0,0,0,0,1,1,0,0,1,0
IA,0,0,0,0,1,1,0,0,0,0,0,0,0,0,1,0,1,0,1,0
VLY,0,0,0,0,1,1,0,0,1,0,1,0,0,1,1,0,0,0,0,0
RPVQ,0,0,1,1,0,0,0,1,0,0,0,0,0,1,0,0,0,0,0,0
LNVPGEIVE,0,0,0,0,1,1,0,0,0,0,0,1,0,1,0,0,0,1,0,0
FY,1,0,0,0,1,0,0,0,0,0,1,0,0,1,1,0,0,0,0,0
RPQIPP,0,0,1,1,0,0,0,1,0,0,0,0,0,0,0,0,0,0,1,1
RPKHPIKHQ,0,0,1,1,0,0,0,1,0,0,0,0,0,1,0,0,0,0,0,0
DF,0,1,0,1,0,0,0,1,1,0,1,0,0,0,1,0,0,0,0,0
RADHPF,0,0,1,1,0,0,0,1,0,0,1,0,0,0,1,0,0,0,0,0
ALPH,0,0,0,0,1,0,1,0,1,0,1,0,1,1,1,0,0,1,0,0
IVRDPNGMGAW,0,0,0,0,1,1,0,0,0,0,1,0,0,1,1,0,0,0,0,0
IMY,0,0,0,0,1,1,0,0,0,0,1,0,0,1,1,0,0,0,0,0
QLLLQQ,0,0,0,1,0,0,0,0,0,0,0,0,0,1,0,0,0,0,0,0
CRQNTLGHNTQTSIAQ,0,0,0,1,1,0,1,0,1,0,0,0,0,1,0,0,0,0,0,0
PVQ,0,0,0,0,0,0,0,0,1,1,0,0,0,1,0,0,0,0,0,0
GVPKVKETMVPK,0,0,0,0,1,0,1,0,1,0,0,0,1,1,1,0,0,1,0,0
LGI,0,0,0,0,1,1,0,0,0,0,0,0,0,0,1,1,0,0,0,0
PYKW,0,0,0,0,0,0,0,0,1,1,1,0,0,1,1,0,0,0,0,0
KIEL,0,0,1,1,1,0,0,1,0,0,0,0,0,0,1,1,0,0,0,0
KWLP,0,0,1,1,1,0,0,1,0,0,0,0,0,0,0,0,0,0,1,1
IVQ,0,0,0,0,1,1,0,0,0,0,0,0,0,1,0,0,0,0,0,0
FRADHPFL,1,0,0,0,1,0,0,0,0,0,0,0,0,0,1,1,0,0,0,0
LVYPFTGPIPN,0,0,0,0,1,1,0,0,0,0,0,0,0,1,0,0,0,0,1,0
PYK,0,0,0,0,0,0,0,0,1,1,0,0,1,1,1,0,0,1,0,0
IVGRPRHQG,0,0,0,0,1,1,0,0,0,0,0,0,0,0,1,0,1,0,1,0
RML,0,0,1,1,0,0,0,1,0,0,0,0,0,0,1,1,0,0,0,0
TPVVVPPFLQP,0,0,0,1,1,0,0,0,1,0,0,0,0,0,0,0,0,0,1,1
IIAEK,0,0,0,0,1,1,0,0,0,0,0,0,1,1,1,0,0,1,0,0
LQQ,0,0,0,0,1,1,0,0,0,0,0,0,0,1,0,0,0,0,0,0
AMNPP,0,0,0,0,1,0,1,0,1,0,0,0,0,0,0,0,0,0,1,1
AYFYPEL,0,0,0,0,1,0,1,0,1,0,0,0,0,0,1,1,0,0,0,0
HANENIF,1,0,1,1,1,0,0,1,0,0,1,0,0,0,1,0,0,0,0,0
KAEEEYPDL,0,0,1,1,1,0,0,1,0,0,0,0,0,0,1,1,0,0,0,0
GAW,0,0,0,0,1,0,1,0,1,0,1,0,0,1,1,0,0,0,0,0
GLG,0,0,0,0,1,0,1,0,1,0,0,0,0,0,1,0,1,0,1,0
RLSGQTIEVTSEYLFRH,0,0,1,1,0,0,0,1,0,0,1,0,1,1,1,0,0,1,0,0
ISHIYVWK,0,0,0,0,1,1,0,0,0,0,0,0,1,1,1,0,0,1,0,0
FCVL,1,0,0,0,1,0,0,0,0,0,0,0,0,0,1,1,0,0,0,0
FL,1,0,0,0,1,0,0,0,0,0,0,0,0,0,1,1,0,0,0,0
GH,0,0,0,0,1,0,1,0,1,0,1,0,1,1,1,0,0,1,0,0
AAATPL,0,0,0,0,1,0,1,0,1,0,0,0,0,0,1,1,0,0,0,0
HG,1,0,1,1,1,0,0,1,0,0,0,0,0,0,1,0,1,0,1,0
VHSSIQSQPQAFT,0,0,0,0,1,1,0,0,1,0,0,0,0,1,1,0,0,0,1,0
GVDNPGHPF,0,0,0,0,1,0,1,0,1,0,1,0,0,0,1,0,0,0,0,0
EGEPR,0,1,0,1,0,0,0,1,0,0,0,0,1,1,0,0,0,1,0,0
VWP,0,0,0,0,1,1,0,0,1,0,0,0,0,0,0,0,0,0,1,1
GAPGPAGPGGIPGERG,0,0,0,0,1,0,1,0,1,0,0,0,0,0,1,0,1,0,1,0
TNP,0,0,0,1,1,0,0,0,1,0,0,0,0,0,0,0,0,0,1,1
TKVIP,0,0,0,1,1,0,0,0,1,0,0,0,0,0,0,0,0,0,1,1
YYPQIMQY,1,0,0,1,1,0,0,0,0,0,1,0,0,1,1,0,0,0,0,0
GKKVLQ,0,0,0,0,1,0,1,0,1,0,0,0,0,1,0,0,0,0,0,0
CVL,0,0,0,1,1,0,1,0,1,0,0,0,0,0,1,1,0,0,0,0
PTHIKW,0,0,0,0,0,0,0,0,1,1,1,0,0,1,1,0,0,0,0,0
NIPPLTQTPV,0,0,0,1,0,0,0,0,1,0,0,0,0,0,1,1,0,0,1,0
GAAELPCSADWW,0,0,0,0,1,0,1,0,1,0,1,0,0,1,1,0,0,0,0,0
GI,0,0,0,0,1,0,1,0,1,0,0,0,0,0,1,1,0,0,0,0
FALPQYLK,1,0,0,0,1,0,0,0,0,0,0,0,1,1,1,0,0,1,0,0
HIR,1,0,1,1,1,0,0,1,0,0,0,0,1,1,0,0,0,1,0,0
YQKFPQYLQY,1,0,0,1,1,0,0,0,0,0,1,0,0,1,1,0,0,0,0,0
LENLHLP,0,0,0,0,1,1,0,0,0,0,0,0,0,0,0,0,0,0,1,1
QVGP,0,0,0,1,0,0,0,0,0,0,0,0,0,0,0,0,0,0,1,1
LQP,0,0,0,0,1,1,0,0,0,0,0,0,0,0,0,0,0,0,1,1
VPSERY,0,0,0,0,1,1,0,0,1,0,1,0,0,1,1,0,0,0,0,0
GTW,0,0,0,0,1,0,1,0,1,0,1,0,0,1,1,0,0,0,0,0
AYPS,0,0,0,0,1,0,1,0,1,0,0,0,0,1,0,0,1,0,1,0
NIFYCP,0,0,0,1,0,0,0,0,1,0,0,0,0,0,0,0,0,0,1,1
TVYTKGRVMP,0,0,0,1,1,0,0,0,1,0,0,0,0,0,0,0,0,0,1,1
VVPP,0,0,0,0,1,1,0,0,1,0,0,0,0,0,0,0,0,0,1,1
CWLPVY,0,0,0,1,1,0,1,0,1,0,1,0,0,1,1,0,0,0,0,0
SQPQAFP,0,0,0,1,0,0,1,0,1,0,0,0,0,0,0,0,0,0,1,1
IAYKP,0,0,0,0,1,1,0,0,0,0,0,0,0,0,0,0,0,0,1,1